transect,old_tag,new_tag,species,status93,status13,status22,diam93,rad1993,cross1993,basal_area_1993,diam13,rad2013,cross2013,basal_area_2013,diam22,rad2022,cross2022,basal_area_2022
F,34,A8714,Beilschmiedia tawa,A,A,A,28.8,14.4,6.514406526,72.38229474,29.5,14.75,6.834927517,75.94363908,33,16.5,8.552985999,95.03317777
D,45D,,Coprosma grandifolia,A,D,D,6.3,3.15,0.311724531,3.463605901,,0,0,0,,0,0,0
E,32,,Cyathea dealbata,A,A,D,17.8,8.9,2.488455541,27.64950601,17.8,8.9,2.488455541,27.64950601,,0,0,0
E,34,,Cyathea dealbata,A,A,D,9.4,4.7,0.693977817,7.710864635,9.4,4.7,0.693977817,7.710864635,,0,0,0
F,100,A8465,Cyathea dealbata,A,A,A,23.3,11.65,4.263848089,47.37608988,21.2,10.6,3.529893506,39.22103895,23.3,11.65,4.263848089,47.37608988
F,104,,Cyathea dealbata,A,A,A,16.7,8.35,2.190396938,24.33774375,16.7,8.35,2.190396938,24.33774375,14.2,7.1,1.583676857,17.59640952
F,108,,Cyathea dealbata,,A,A,,0,0,0,10,5,0.785398163,8.72664626,16.6,8.3,2.164243179,24.04714643
E,27B,,Cyathea dealbata,,A,A,,0,0,0,23,11.5,4.154756284,46.16395872,19,9.5,2.83528737,31.503193
E,27D,,Cyathea dealbata,,A,A,,0,0,0,18,9,2.544690049,28.27433388,20.5,10.25,3.300635782,36.67373091
E,28A,,Cyathea dealbata,,A,A,,0,0,0,16,8,2.010619298,22.34021443,27.3,13.65,5.853493972,65.03882191
E,33B,,Cyathea dealbata,A,A,D,25.2,12.6,4.987592497,55.41769441,25.2,12.6,4.987592497,55.41769441,,0,0,0
F,46B,,Cyathea dealbata,A,D,D,18.9,9.45,2.805520779,31.17245311,,0,0,0,,0,0,0
F,49D,,Cyathea dealbata,A,D,D,15.9,7.95,1.985565097,22.06183441,,0,0,0,,0,0,0
F,54C,,Cyathea dealbata,,,A,,0,0,0,,0,0,0,19,9.5,2.83528737,31.503193
F,91,A8468,Cyathea medullaris,A,D,D,36.7,18.35,10.57844932,117.5383258,,0,0,0,,0,0,0
F,43B,,Cyathea medullaris,A,D,D,17.3,8.65,2.350618163,26.11797959,,0,0,0,,0,0,0
F,45A,,Cyathea medullaris,A,D,D,31.8,15.9,7.942260388,88.24733764,,0,0,0,,0,0,0
D,50B,,Cyathea medullaris,A,D,D,22.7,11.35,4.047078196,44.96753551,,0,0,0,,0,0,0
F,51A,A8633,Cyathea medullaris,A,D,D,24,12,4.523893421,50.26548246,,0,0,0,,0,0,0
A,3,A8689,Cyathea smithii,0,0,A,0,0,0,0,0,0,0,0,10,5,0.785398163,8.72664626
C,5,A8739,Cyathea smithii,,,A,,0,0,0,,0,0,0,14.3,7.15,1.606060704,17.84511894
D,13,A8549,Cyathea smithii,A,A,D,18.5,9.25,2.688025214,29.86694682,18.5,9.25,2.688025214,29.86694682,,0,0,0
D,21,A8442?,Cyathea smithii,A,A,A,14.3,7.15,1.606060704,17.84511894,14.3,7.15,1.606060704,17.84511894,15.5,7.75,1.886919088,20.96576764
B,39,A8611,Cyathea smithii,,A,A,,0,0,0,16,8,2.010619298,22.34021443,16.2,8.1,2.06119894,22.90221044
F,93,A8451?,Cyathea smithii,A,A,A,14,7,1.5393804,17.10422667,14,7,1.5393804,17.10422667,16,8,2.010619298,22.34021443
F,93,,Cyathea smithii,,A,A,,0,0,0,16,8,2.010619298,22.34021443,16.3,8.15,2.08672438,23.18582645
F,94,A8462,Cyathea smithii,A,A,A,14.1,7.05,1.561450089,17.34944543,14.1,7.05,1.561450089,17.34944543,15,7.5,1.767145868,19.63495408
F,11C,,Cyathea smithii,A,A,A,18.4,9.2,2.659044022,29.54493358,18.4,9.2,2.659044022,29.54493358,17,8.5,2.269800692,25.22000769
E,28C,,Cyathea smithii,,A,A,,0,0,0,11.8,5.9,1.093588403,12.15098225,15.1,7.55,1.790786352,19.89762614
E,29B,,Cyathea smithii,,A,A,,0,0,0,18,9,2.544690049,28.27433388,15.5,7.75,1.886919088,20.96576764
F,51A,A8523,Cyathea smithii,A,D,D,16.4,8.2,2.1124069,23.47118778,,0,0,0,,0,0,0
F,Unknown,A8417,Cyathea smithii,A,D,D,7.4,3.7,0.430084034,4.778711492,,0,0,0,,0,0,0
F,100B,A8710,Dacrydium cupressinum,,A,A,,0,0,0,7.4,3.7,0.430084034,4.778711492,11,5.5,0.950331778,10.55924197
A,76B,,Dacrydium cupressinum,A,D,D,6,3,0.282743339,3.141592654,,0,0,0,,0,0,0
A,Unknown,Unknown,Dacrydium cupressinum,,A,A,,0,0,0,13.8,6.9,1.495712262,16.61902514,16.8,8.4,2.216707776,24.6300864
A,1,,Dicksonia squarrosa,A,D,D,10.3,5.15,0.833228912,9.258099017,0,0,0,0,0,0,0,0
D,4,,Dicksonia squarrosa,,A,D,,0,0,0,10,5,0.785398163,8.72664626,,0,0,0
D,6,A8685,Dicksonia squarrosa,A,A,D,15.2,7.6,1.814583917,20.16204352,15.2,7.6,1.814583917,20.16204352,,0,0,0
D,10,A8432,Dicksonia squarrosa,A,D,D,17,8.5,2.269800692,25.22000769,,0,0,0,,0,0,0
A,60,A8630,Dicksonia squarrosa,,A,D,,0,0,0,10,5,0.785398163,8.72664626,,0,0,0
F,96,A8454,Dicksonia squarrosa,A,A,D,10.9,5.45,0.933131558,10.36812842,9.3,4.65,0.679290872,7.54767635,,0,0,0
F,100,,Dicksonia squarrosa,,A,A,,0,0,0,10,5,0.785398163,8.72664626,9.5,4.75,0.708821842,7.87579825
A,20B,A8708,Dicksonia squarrosa,A,A,A,8.4,4.2,0.554176944,6.157521601,8.4,4.2,0.554176944,6.157521601,8.5,4.25,0.567450173,6.305001923
A,20C,A8426,Dicksonia squarrosa,A,A,A,12,6,1.130973355,12.56637061,12,6,1.130973355,12.56637061,11.5,5.75,1.038689071,11.54098968
A,22B,,Dicksonia squarrosa,A,A,A,9,4.5,0.636172512,7.068583471,9,4.5,0.636172512,7.068583471,6.8,3.4,0.363168111,4.035201231
E,24G,,Dicksonia squarrosa,A,A,A,7.8,3.9,0.477836243,5.309291585,7.8,3.9,0.477836243,5.309291585,7.6,3.8,0.453645979,5.04051088
E,25B,,Dicksonia squarrosa,,A,A,,0,0,0,7.9,3.95,0.490166994,5.446299931,8.5,4.25,0.567450173,6.305001923
E,26B,A8552?,Dicksonia squarrosa,A,A,A,12.1,6.05,1.149901451,12.77668279,12.1,6.05,1.149901451,12.77668279,14.1,7.05,1.561450089,17.34944543
E,31A,A8538,Dicksonia squarrosa,A,A,A,10.6,5.3,0.882473376,9.805259738,10.6,5.3,0.882473376,9.805259738,12.8,6.4,1.286796351,14.29773723
E,31A,,Dicksonia squarrosa,,A,D,,0,0,0,10,5,0.785398163,8.72664626,,0,0,0
E,36D,,Dicksonia squarrosa,A,D,D,8.5,4.25,0.567450173,6.305001923,,0,0,0,,0,0,0
D,37D,,Dicksonia squarrosa,A,D,D,20.4,10.2,3.268512997,36.31681108,,0,0,0,,0,0,0
F,46A,,Dicksonia squarrosa,A,D,D,12,6,1.130973355,12.56637061,,0,0,0,,0,0,0
C,50B,,Dicksonia squarrosa,A,D,D,8,4,0.502654825,5.585053606,,0,0,0,,0,0,0
C,51B,,Dicksonia squarrosa,A,D,D,7,3.5,0.3848451,4.276056667,7,3.5,0.3848451,4.276056667,7.2,3.6,0.407150408,4.523893421
F,53A,A8582,Dicksonia squarrosa,A,D,D,9.4,4.7,0.693977817,7.710864635,,0,0,0,,0,0,0
F,53B,A8584,Dicksonia squarrosa,A,D,D,9,4.5,0.636172512,7.068583471,,0,0,0,,0,0,0
F,54A,,Dicksonia squarrosa,,,A,,0,0,0,,0,0,0,8.8,4.4,0.608212338,6.757914864
D,55A,A8501,Dicksonia squarrosa,A,D,D,17.4,8.7,2.37787148,26.42079422,,0,0,0,,0,0,0
D,55D,,Dicksonia squarrosa,A,D,D,17,8.5,2.269800692,25.22000769,,0,0,0,,0,0,0
A,56H,,Dicksonia squarrosa,A,A,A,10,5,0.785398163,8.72664626,11,5.5,0.950331778,10.55924197,11.4,5.7,1.020703453,11.34114948
D,58C,,Dicksonia squarrosa,A,D,D,16,8,2.010619298,22.34021443,,0,0,0,,0,0,0
E,Unknown,A8509,Dicksonia squarrosa,A,D,D,14.5,7.25,1.651299639,18.34777376,,0,0,0,,0,0,0
E,24E,A8664,Geniostoma ligustrifolium,A,A,A,,0,0,0,5.7,2.85,0.255175863,2.83528737,5.5,2.75,0.237582944,2.639810494
A,54,A8353,Knightia excelsa,,A,A,,0,0,0,31.5,15.75,7.793113276,86.59014751,33.3,16.65,8.709201694,96.76890771
A,64,A8601,Knightia excelsa,,,A,,0,0,0,,0,0,0,14.3,7.15,1.606060704,17.84511894
A,Unknown,Unknown,Knightia excelsa,,,A,,0,0,0,0,0,0,0,8.1,4.05,0.515299735,5.725552611
D,28,A8717,Kunzea robusta,A,A,A,9,4.5,0.636172512,7.068583471,10.2,5.1,0.817128249,9.079202769,9.8,4.9,0.754296396,8.381071068
B,53A,,Kunzea robusta,A,D,D,5.3,2.65,0.220618344,2.451314934,,0,0,0,,0,0,0
D,58A,A8643,Kunzea robusta,A,D,D,5.9,2.95,0.273397101,3.037745563,,0,0,0,,0,0,0
D,58A,,Kunzea robusta,A,D,D,6.6,3.3,0.34211944,3.801327111,,0,0,0,,0,0,0
C,Unknown,A8660,Kunzea robusta,A,D,D,6.9,3.45,0.373928066,4.154756284,,0,0,0,,0,0,0
C,Unknown,A8672,Kunzea robusta,A,D,D,6.5,3.25,0.331830724,3.687008045,,0,0,0,,0,0,0
A,56D,,Leptospermum scoparium,A,D,D,8.5,4.25,0.567450173,6.305001923,,0,0,0,,0,0,0
A,76A,,Leptospermum scoparium,A,D,D,5.5,2.75,0.237582944,2.639810494,,0,0,0,,0,0,0
A,81A,,Leptospermum scoparium,A,D,D,6.2,3.1,0.301907054,3.354522822,,0,0,0,,0,0,0
A,92C?,,Leucopogon fasciculatus,A,A,A,6,3,0.282743339,3.141592654,5.9,2.95,0.273397101,3.037745563,5.9,2.95,0.273397101,3.037745563
D,19,A8695,Lophomyrtus bullata,,A,A,,0,0,0,5.2,2.6,0.212371663,2.359685149,5.2,2.6,0.212371663,2.359685149
E,34B,,Olearia rani,,A,A,,0,0,0,20.9,10.45,3.430697718,38.11886353,21.1,10.55,3.496671163,38.85190181
E,46D,,Olearia rani,A,D,D,15.55,7.775,1.899112394,21.10124882,,0,0,0,,0,0,0
E,49C,,Olearia rani,A,D,D,21.5,10.75,3.63050301,40.33892234,,0,0,0,,0,0,0
A,1,A8225,Pseudopanax arboreus,A,D,D,13.4,6.7,1.410260942,15.66956602,0,0,0,0,0,0,0,0
C,6,,Pseudopanax crassifolius,A,A,A,6.2,3.1,0.301907054,3.354522822,6.9,3.45,0.373928066,4.154756284,6.8,3.4,0.363168111,4.035201231
D,7,A8554,Pseudopanax crassifolius,A,A,A,7,3.5,0.3848451,4.276056667,7.4,3.7,0.430084034,4.778711492,7,3.5,0.3848451,4.276056667
D,11,,Pseudopanax crassifolius,A,A,A,10.7,5.35,0.899202357,9.991137303,11.6,5.8,1.056831769,11.74257521,12.6,6.3,1.246898124,13.8544236
F,34,A8626,Pseudopanax discolor,A,A,A,9,4.5,0.636172512,7.068583471,8.7,4.35,0.59446787,6.605198554,8.5,4.25,0.567450173,6.305001923
B,56C,,Pseudopanax discolor,,,A,,0,0,0,,0,0,0,6.3,3.15,0.311724531,3.463605901
A,1,A8568,Pterophylla sylvicola,A,D,D,5.2,2.6,0.212371663,2.359685149,0,0,0,0,0,0,0,0
A,1,A8699,Pterophylla sylvicola,A,A,A,8.8,4.4,0.608212338,6.757914864,0,0,0,0,11.3,5.65,1.002874915,11.14305461
A,1,,Pterophylla sylvicola,A,D,D,7.3,3.65,0.418538681,4.650429792,0,0,0,0,0,0,0,0
A,1,,Pterophylla sylvicola,A,D,D,5.8,2.9,0.264207942,2.935643802,0,0,0,0,0,0,0,0
A,2,A8556,Pterophylla sylvicola,A,D,D,12.2,6.1,1.168986626,12.98874029,0,0,0,0,0,0,0,0
A,2,A8651,Pterophylla sylvicola,A,A,A,8.2,4.1,0.528101725,5.867796945,8.4,4.2,0.554176944,6.157521601,8.7,4.35,0.59446787,6.605198554
A,2,A8701,Pterophylla sylvicola,A,D,D,7.4,3.7,0.430084034,4.778711492,0,0,0,0,0,0,0,0
A,2,A8758,Pterophylla sylvicola,A,D,D,9,4.5,0.636172512,7.068583471,0,0,0,0,0,0,0,0
A,2,,Pterophylla sylvicola,A,D,D,11.4,5.7,1.020703453,11.34114948,0,0,0,0,0,0,0,0
A,2,,Pterophylla sylvicola,A,D,D,7.5,3.75,0.441786467,4.908738521,0,0,0,0,0,0,0,0
A,3,A8560,Pterophylla sylvicola,A,D,D,7.1,3.55,0.395919214,4.39910238,0,0,0,0,0,0,0,0
A,3,A8700,Pterophylla sylvicola,A,A,D,9.8,4.9,0.754296396,8.381071068,0,0,0,0,0,0,0,0
A,3,,Pterophylla sylvicola,A,D,D,7.7,3.85,0.465662571,5.174028568,0,0,0,0,0,0,0,0
A,3,,Pterophylla sylvicola,A,D,D,7.8,3.9,0.477836243,5.309291585,0,0,0,0,0,0,0,0
A,3,,Pterophylla sylvicola,A,D,D,7.3,3.65,0.418538681,4.650429792,0,0,0,0,0,0,0,0
A,4,A8331,Pterophylla sylvicola,A,D,D,7,3.5,0.3848451,4.276056667,0,0,0,0,0,0,0,0
F,4,A8536,Pterophylla sylvicola,A,A,D,25.3,12.65,5.027255104,55.85839005,28.3,14.15,6.290175351,69.89083723,,0,0,0
D,4,A8728,Pterophylla sylvicola,A,A,A,5.5,2.75,0.237582944,2.639810494,10.8,5.4,0.916088418,10.1787602,10.50,5.25,0.865901475,9.621127502
D,4,,Pterophylla sylvicola,A,A,A,9.2,4.6,0.664761005,7.386233394,9.65,4.825,0.731382405,8.126471163,10.9,5.45,0.933131558,10.36812842
C,4,,Pterophylla sylvicola,,A,A,,0,0,0,8,4,0.502654825,5.585053606,8.3,4.15,0.541060795,6.011786608
D,5,A8412,Pterophylla sylvicola,A,A,A,5.9,2.95,0.273397101,3.037745563,5.9,2.95,0.273397101,3.037745563,5.3,2.65,0.220618344,2.451314934
D,5,A8431,Pterophylla sylvicola,A,A,A,10.5,5.25,0.865901475,9.621127502,12.3,6.15,1.188228881,13.20254313,12.4,6.2,1.207628216,13.41809129
D,5,A8533,Pterophylla sylvicola,A,A,A,6.9,3.45,0.373928066,4.154756284,6.9,3.45,0.373928066,4.154756284,6.3,3.15,0.311724531,3.463605901
C,5,A8650,Pterophylla sylvicola,A,A,A,16,8,2.010619298,22.34021443,17.5,8.75,2.405281875,26.72535417,18.3,9.15,2.630219909,29.22466566
C,5,A8721,Pterophylla sylvicola,,A,A,,0,0,0,7,3.5,0.3848451,4.276056667,7,3.5,0.3848451,4.276056667
D,6,A8042,Pterophylla sylvicola,A,A,A,11.4,5.7,1.020703453,11.34114948,11.5,5.75,1.038689071,11.54098968,11.4,5.7,1.020703453,11.34114948
D,6,A8429,Pterophylla sylvicola,A,A,A,7.1,3.55,0.395919214,4.39910238,7.1,3.55,0.395919214,4.39910238,7,3.5,0.3848451,4.276056667
D,6,A8534,Pterophylla sylvicola,A,A,A,8.5,4.25,0.567450173,6.305001923,8.5,4.25,0.567450173,6.305001923,8.5,4.25,0.567450173,6.305001923
D,6,A8767,Pterophylla sylvicola,A,A,D,5.8,2.9,0.264207942,2.935643802,6.4,3.2,0.321699088,3.574434308,,0,0,0
D,7,A8404,Pterophylla sylvicola,A,A,A,7.5,3.75,0.441786467,4.908738521,8.25,4.125,0.534561625,5.939573611,9,4.5,0.636172512,7.068583471
D,7,A8430,Pterophylla sylvicola,A,A,A,13.8,6.9,1.495712262,16.61902514,21.25,10.625,3.546563582,39.40626202,22.4,11.2,3.940813825,43.78682027
D,7,A8686,Pterophylla sylvicola,A,A,D,9.9,4.95,0.76976874,8.552985999,10.3,5.15,0.833228912,9.258099017,,0,0,0
D,7,A8691,Pterophylla sylvicola,,A,A,,0,0,0,10.3,5.15,0.833228912,9.258099017,10.5,5.25,0.865901475,9.621127502
C,7,A8768,Pterophylla sylvicola,,A,A,,0,0,0,5.4,2.7,0.229022104,2.544690049,5.5,2.75,0.237582944,2.639810494
C,8,A8260,Pterophylla sylvicola,A,A,A,6.25,3.125,0.306796158,3.408846195,6.5,3.25,0.331830724,3.687008045,7,3.5,0.3848451,4.276056667
C,8,A8435,Pterophylla sylvicola,,A,A,,0,0,0,17,8.5,2.269800692,25.22000769,17.6,8.8,2.432849351,27.03165945
C,8,A8542,Pterophylla sylvicola,,A,A,,0,0,0,17.3,8.65,2.350618163,26.11797959,18.1,9.05,2.573042923,28.58936581
D,8,A8667,Pterophylla sylvicola,,A,A,,0,0,0,13.6,6.8,1.452672443,16.14080492,13.3,6.65,1.389290811,15.43656457
D,8,A8713,Pterophylla sylvicola,A,A,A,10.7,5.35,0.899202357,9.991137303,17.2,8.6,2.323521927,25.8169103,8.8,4.4,0.608212338,6.757914864
D,8,A8740,Pterophylla sylvicola,A,A,A,10.6,5.3,0.882473376,9.805259738,11.1,5.55,0.967689077,10.75210086,10,5,0.785398163,8.72664626
C,9,A8411,Pterophylla sylvicola,A,A,A,9.6,4.8,0.723822947,8.042477193,9.6,4.8,0.723822947,8.042477193,9.6,4.8,0.723822947,8.042477193
D,9,A8423,Pterophylla sylvicola,A,A,A,11.4,5.7,1.020703453,11.34114948,12.8,6.4,1.286796351,14.29773723,11.8,5.9,1.093588403,12.15098225
D,9,A8555,Pterophylla sylvicola,A,A,A,11.4,5.7,1.020703453,11.34114948,13.4,6.7,1.410260942,15.66956602,13,6.5,1.327322896,14.74803218
D,9,A8668,Pterophylla sylvicola,A,A,A,16.9,8.45,2.243175694,24.92417438,18.2,9.1,2.601552876,28.90614307,17.3,8.65,2.350618163,26.11797959
D,9,A8724,Pterophylla sylvicola,,A,D,,0,0,0,22.5,11.25,3.976078202,44.17864669,,0,0,0
D,9,A8743,Pterophylla sylvicola,A,A,A,13.1,6.55,1.347821788,14.97579765,14.4,7.2,1.628601632,18.09557368,15.4,7.7,1.862650284,20.69611427
C,10,A8401,Pterophylla sylvicola,,A,A,,0,0,0,8,4,0.502654825,5.585053606,7.9,3.95,0.490166994,5.446299931
D,10,A8562,Pterophylla sylvicola,A,A,D,5.1,2.55,0.204282062,2.269800692,5.15,2.575,0.208307228,2.314524754,,0,0,0
D,10,A8683,Pterophylla sylvicola,A,A,A,7.1,3.55,0.395919214,4.39910238,7.6,3.8,0.453645979,5.04051088,7.5,3.75,0.441786467,4.908738521
C,10,A8716,Pterophylla sylvicola,,A,A,,0,0,0,19,9.5,2.83528737,31.503193,21.2,10.6,3.529893506,39.22103895
C,10,,Pterophylla sylvicola,A,A,A,8.7,4.35,0.59446787,6.605198554,9,4.5,0.636172512,7.068583471,8.6,4.3,0.580880482,6.454227574
D,11,A8434?,Pterophylla sylvicola,A,A,D,10.5,5.25,0.865901475,9.621127502,10.2,5.1,0.817128249,9.079202769,,0,0,0
C,11,A8548,Pterophylla sylvicola,A,A,A,9.7,4.85,0.738981132,8.210901466,10.1,5.05,0.801184666,8.90205185,10.6,5.3,0.882473376,9.805259738
C,11,A8722,Pterophylla sylvicola,A,A,A,9,4.5,0.636172512,7.068583471,9.5,4.75,0.708821842,7.87579825,9.4,4.7,0.693977817,7.710864635
D,11,,Pterophylla sylvicola,A,A,D,11,5.5,0.950331778,10.55924197,10.7,5.35,0.899202357,9.991137303,,0,0,0
C,12,A8185,Pterophylla sylvicola,,A,A,,0,0,0,10.5,5.25,0.865901475,9.621127502,10.8,5.4,0.916088418,10.1787602
C,12,A8440,Pterophylla sylvicola,A,A,A,7,3.5,0.3848451,4.276056667,7.6,3.8,0.453645979,5.04051088,8,4,0.502654825,5.585053606
D,12,A8561,Pterophylla sylvicola,A,A,D,8.1,4.05,0.515299735,5.725552611,7.9,3.95,0.490166994,5.446299931,,0,0,0
C,12,A8697,Pterophylla sylvicola,,A,A,,0,0,0,14.5,7.25,1.651299639,18.34777376,14.9,7.45,1.743662463,19.37402736
C,12,A8732,Pterophylla sylvicola,,A,A,,0,0,0,5.4,2.7,0.229022104,2.544690049,5.8,2.9,0.264207942,2.935643802
D,12,,Pterophylla sylvicola,A,A,A,20.8,10.4,3.397946614,37.75496238,23.5,11.75,4.337361357,48.19290397,22.5,11.25,3.976078202,44.17864669
D,13,A8079,Pterophylla sylvicola,A,A,A,5.4,2.7,0.229022104,2.544690049,6.4,3.2,0.321699088,3.574434308,6.5,3.25,0.331830724,3.687008045
D,13,A8656,Pterophylla sylvicola,A,A,A,12.1,6.05,1.149901451,12.77668279,14.6,7.3,1.674154725,18.60171917,15.1,7.55,1.790786352,19.89762614
E,13,A8704,Pterophylla sylvicola,,,A,,0,0,0,,0,0,0,9.1,4.55,0.650388219,7.226535768
C,13,A8730,Pterophylla sylvicola,A,A,A,7.5,3.75,0.441786467,4.908738521,8.4,4.2,0.554176944,6.157521601,7.9,3.95,0.490166994,5.446299931
D,14,A8428,Pterophylla sylvicola,A,A,A,15.5,7.75,1.886919088,20.96576764,17,8.5,2.269800692,25.22000769,16.5,8.25,2.1382465,23.75829444
C,14,A8556,Pterophylla sylvicola,A,A,A,9.3,4.65,0.679290872,7.54767635,9.6,4.8,0.723822947,8.042477193,9.7,4.85,0.738981132,8.210901466
E,14,A8665,Pterophylla sylvicola,,A,A,,0,0,0,5.6,2.8,0.246300864,2.736676267,5.1,2.55,0.204282062,2.269800692
C,14,A8706,Pterophylla sylvicola,,A,A,,0,0,0,10.2,5.1,0.817128249,9.079202769,11,5.5,0.950331778,10.55924197
C,14,A8736,Pterophylla sylvicola,A,A,A,8.8,4.4,0.608212338,6.757914864,9.4,4.7,0.693977817,7.710864635,9.9,4.95,0.76976874,8.552985999
C,15,,Pterophylla sylvicola,,A,A,,0,0,0,13.3,6.65,1.389290811,15.43656457,13.8,6.9,1.495712262,16.61902514
C,15,A8550?,Pterophylla sylvicola,,A,A,,0,0,0,11.8,5.9,1.093588403,12.15098225,12,6,1.130973355,12.56637061
D,15,A8657,Pterophylla sylvicola,A,A,A,6.9,3.45,0.373928066,4.154756284,9.2,4.6,0.664761005,7.386233394,9.2,4.6,0.664761005,7.386233394
C,15,,Pterophylla sylvicola,A,A,A,13.6,6.8,1.452672443,16.14080492,16.7,8.35,2.190396938,24.33774375,15.2,7.6,1.814583917,20.16204352
D,15,,Pterophylla sylvicola,A,A,A,12.7,6.35,1.266768698,14.07520775,13.5,6.75,1.431388153,15.90431281,11.3,5.65,1.002874915,11.14305461
D,16,A8446,Pterophylla sylvicola,,A,A,,0,0,0,12.8,6.4,1.286796351,14.29773723,13.9,6.95,1.517467792,16.86075324
D,16,A8540,Pterophylla sylvicola,,A,A,,0,0,0,20,10,3.141592654,34.90658504,20.8,10.4,3.397946614,37.75496238
D,16,A8696,Pterophylla sylvicola,A,A,A,11.7,5.85,1.075131546,11.94590607,8.9,4.45,0.622113885,6.912376503,9.1,4.55,0.650388219,7.226535768
C,16,A8769,Pterophylla sylvicola,,A,A,,0,0,0,11.7,5.85,1.075131546,11.94590607,12.2,6.1,1.168986626,12.98874029
C,16,,Pterophylla sylvicola,,A,A,,0,0,0,7.8,3.9,0.477836243,5.309291585,7.8,3.9,0.477836243,5.309291585
C,17,A8408,Pterophylla sylvicola,A,A,A,8.15,4.075,0.521681095,5.796456612,8.4,4.2,0.554176944,6.157521601,9.7,4.85,0.738981132,8.210901466
C,17,A8539,Pterophylla sylvicola,A,A,A,12.1,6.05,1.149901451,12.77668279,13.4,6.7,1.410260942,15.66956602,14,7,1.5393804,17.10422667
C,17,A8658,Pterophylla sylvicola,A,A,A,6.8,3.4,0.363168111,4.035201231,7,3.5,0.3848451,4.276056667,7.2,3.6,0.407150408,4.523893421
C,17,A8718,Pterophylla sylvicola,A,A,A,6.2,3.1,0.301907054,3.354522822,5.8,2.9,0.264207942,2.935643802,5.3,2.65,0.220618344,2.451314934
C,17,A8750,Pterophylla sylvicola,A,A,A,8,4,0.502654825,5.585053606,8.5,4.25,0.567450173,6.305001923,8.4,4.2,0.554176944,6.157521601
C,17,,Pterophylla sylvicola,A,A,A,8.5,4.25,0.567450173,6.305001923,9,4.5,0.636172512,7.068583471,8.9,4.45,0.622113885,6.912376503
C,18,A8433,Pterophylla sylvicola,A,A,A,7.3,3.65,0.418538681,4.650429792,7.9,3.95,0.490166994,5.446299931,7.7,3.85,0.465662571,5.174028568
C,18,A8543,Pterophylla sylvicola,A,A,D,5.7,2.85,0.255175863,2.83528737,6.2,3.1,0.301907054,3.354522822,,0,0,0
C,18,A8666,Pterophylla sylvicola,,,A,,0,0,0,,0,0,0,6,3,0.282743339,3.141592654
C,18,A8692,Pterophylla sylvicola,,A,A,,0,0,0,17.1,8.55,2.29658277,25.51758633,17.6,8.8,2.432849351,27.03165945
C,18,A8764,Pterophylla sylvicola,A,A,A,9.85,4.925,0.762012933,8.466810368,10.4,5.2,0.849486654,9.438740595,10.6,5.3,0.882473376,9.805259738
C,19,A8060,Pterophylla sylvicola,A,A,A,13.45,6.725,1.420804913,15.78672125,14.2,7.1,1.583676857,17.59640952,14.5,7.25,1.651299639,18.34777376
D,19,A8219,Pterophylla sylvicola,A,A,A,19.2,9.6,2.89529179,32.16990877,6.25,3.125,0.306796158,3.408846195,5.6,2.8,0.246300864,2.736676267
D,19,A8557,Pterophylla sylvicola,A,A,A,14.6,7.3,1.674154725,18.60171917,16.1,8.05,2.035830579,22.62033977,16.9,8.45,2.243175694,24.92417438
D,19,A8662,Pterophylla sylvicola,A,A,A,7.8,3.9,0.477836243,5.309291585,14.2,7.1,1.583676857,17.59640952,14.7,7.35,1.697166891,18.8574099
D,19,A8752,Pterophylla sylvicola,A,A,A,8.8,4.4,0.608212338,6.757914864,9.7,4.85,0.738981132,8.210901466,9.5,4.75,0.708821842,7.87579825
D,20,A8420,Pterophylla sylvicola,A,A,A,7,3.5,0.3848451,4.276056667,7.2,3.6,0.407150408,4.523893421,7,3.5,0.3848451,4.276056667
D,20,A8537,Pterophylla sylvicola,A,A,A,16,8,2.010619298,22.34021443,18.3,9.15,2.630219909,29.22466566,19.2,9.6,2.89529179,32.16990877
D,20,,Pterophylla sylvicola,A,A,A,12.1,6.05,1.149901451,12.77668279,12.55,6.275,1.237021742,13.74468603,11.6,5.8,1.056831769,11.74257521
D,21,A8532,Pterophylla sylvicola,A,A,A,9.25,4.625,0.672006304,7.466736706,9.2,4.6,0.664761005,7.386233394,9.1,4.55,0.650388219,7.226535768
D,21,A8669,Pterophylla sylvicola,A,A,A,7.1,3.55,0.395919214,4.39910238,6.5,3.25,0.331830724,3.687008045,6.7,3.35,0.352565236,3.917391506
D,21,A8723,Pterophylla sylvicola,,A,A,,0,0,0,5.3,2.65,0.220618344,2.451314934,5.1,2.55,0.204282062,2.269800692
D,21,,Pterophylla sylvicola,A,A,A,13,6.5,1.327322896,14.74803218,12.8,6.4,1.286796351,14.29773723,12.6,6.3,1.246898124,13.8544236
D,22,A8120,Pterophylla sylvicola,A,A,A,5.8,2.9,0.264207942,2.935643802,6,3,0.282743339,3.141592654,6.4,3.2,0.321699088,3.574434308
D,22,A8715,Pterophylla sylvicola,A,A,A,8.1,4.05,0.515299735,5.725552611,8.1,4.05,0.515299735,5.725552611,8.2,4.1,0.528101725,5.867796945
D,22,,Pterophylla sylvicola,A,A,D,17,8.5,2.269800692,25.22000769,18.2,9.1,2.601552876,28.90614307,,0,0,0
D,22,,Pterophylla sylvicola,A,A,A,13.6,6.8,1.452672443,16.14080492,15.1,7.55,1.790786352,19.89762614,13.8,6.9,1.495712262,16.61902514
D,23,A8249,Pterophylla sylvicola,A,A,A,8.1,4.05,0.515299735,5.725552611,9,4.5,0.636172512,7.068583471,8.5,4.25,0.567450173,6.305001923
D,23,A8421,Pterophylla sylvicola,,A,D,,0,0,0,7.4,3.7,0.430084034,4.778711492,,0,0,0
D,23,A8729,Pterophylla sylvicola,A,A,A,13.6,6.8,1.452672443,16.14080492,15.2,7.6,1.814583917,20.16204352,15.2,7.6,1.814583917,20.16204352
D,23,A8761,Pterophylla sylvicola,A,A,A,5.1,2.55,0.204282062,2.269800692,7.5,3.75,0.441786467,4.908738521,9.2,4.6,0.664761005,7.386233394
D,24,,Pterophylla sylvicola,A,A,A,9.7,4.85,0.738981132,8.210901466,11.7,5.85,1.075131546,11.94590607,12.7,6.35,1.266768698,14.07520775
D,24,A8289,Pterophylla sylvicola,A,A,A,12.15,6.075,1.159424404,12.88249338,13.5,6.75,1.431388153,15.90431281,13.5,6.75,1.431388153,15.90431281
D,24,A8422,Pterophylla sylvicola,A,A,A,17.1,8.55,2.29658277,25.51758633,17.8,8.9,2.488455541,27.64950601,19,9.5,2.83528737,31.503193
D,24,A8543,Pterophylla sylvicola,A,A,A,10.4,5.2,0.849486654,9.438740595,11.3,5.65,1.002874915,11.14305461,11.4,5.7,1.020703453,11.34114948
D,24,A8756,Pterophylla sylvicola,A,A,A,16.5,8.25,2.1382465,23.75829444,17.2,8.6,2.323521927,25.8169103,16.9,8.45,2.243175694,24.92417438
D,25,,Pterophylla sylvicola,A,A,A,6,3,0.282743339,3.141592654,6.6,3.3,0.34211944,3.801327111,6.2,3.1,0.301907054,3.354522822
D,25,A8109,Pterophylla sylvicola,A,A,A,16,8,2.010619298,22.34021443,16.5,8.25,2.1382465,23.75829444,17.1,8.55,2.29658277,25.51758633
D,25,A8547,Pterophylla sylvicola,A,A,A,5.7,2.85,0.255175863,2.83528737,8.1,4.05,0.515299735,5.725552611,8.3,4.15,0.541060795,6.011786608
D,25,A8671,Pterophylla sylvicola,,A,A,,0,0,0,12.8,6.4,1.286796351,14.29773723,13.8,6.9,1.495712262,16.61902514
D,26,A8445,Pterophylla sylvicola,A,A,A,5.8,2.9,0.264207942,2.935643802,6.1,3.05,0.292246657,3.247185073,6.1,3.05,0.292246657,3.247185073
D,26,A8648,Pterophylla sylvicola,A,A,A,7,3.5,0.3848451,4.276056667,7.1,3.55,0.395919214,4.39910238,7,3.5,0.3848451,4.276056667
D,26,A8702,Pterophylla sylvicola,,A,A,,0,0,0,7.3,3.65,0.418538681,4.650429792,7.1,3.55,0.395919214,4.39910238
D,26,,Pterophylla sylvicola,,A,A,,0,0,0,17.8,8.9,2.488455541,27.64950601,19.2,9.6,2.89529179,32.16990877
D,27,A8416,Pterophylla sylvicola,,A,A,,0,0,0,11,5.5,0.950331778,10.55924197,11,5.5,0.950331778,10.55924197
E,27,A8553,Pterophylla sylvicola,,A,A,,0,0,0,11.8,5.9,1.093588403,12.15098225,11.8,5.9,1.093588403,12.15098225
D,27,A8690,Pterophylla sylvicola,A,A,A,8.7,4.35,0.59446787,6.605198554,,0,0,0,8.3,4.15,0.541060795,6.011786608
E,27,A8733,Pterophylla sylvicola,,A,D,,0,0,0,10.3,5.15,0.833228912,9.258099017,,0,0,0
D,28,A8250,Pterophylla sylvicola,A,A,A,10,5,0.785398163,8.72664626,11.2,5.6,0.985203456,10.94670507,11.4,5.7,1.020703453,11.34114948
D,28,A8443,Pterophylla sylvicola,A,A,A,10.5,5.25,0.865901475,9.621127502,10.8,5.4,0.916088418,10.1787602,10.7,5.35,0.899202357,9.991137303
D,28,A8563,Pterophylla sylvicola,A,A,A,14,7,1.5393804,17.10422667,16.1,8.05,2.035830579,22.62033977,16.6,8.3,2.164243179,24.04714643
E,28,,Pterophylla sylvicola,,A,A,,0,0,0,14.8,7.4,1.720336137,19.11484597,15.3,7.65,1.838538561,20.42820623
D,29,A8413,Pterophylla sylvicola,A,A,A,13.5,6.75,1.431388153,15.90431281,18,9,2.544690049,28.27433388,20.2,10.1,3.204738666,35.6082074
D,29,A8720,Pterophylla sylvicola,A,A,D,7.6,3.8,0.453645979,5.04051088,7.6,3.8,0.453645979,5.04051088,,0,0,0
D,29,,Pterophylla sylvicola,A,A,A,15.1,7.55,1.790786352,19.89762614,16.4,8.2,2.1124069,23.47118778,16.1,8.05,2.035830579,22.62033977
D,30,A8438,Pterophylla sylvicola,A,D,D,11.1,5.55,0.967689077,10.75210086,,0,0,0,,0,0,0
E,30,A8558,Pterophylla sylvicola,,A,A,,0,0,0,7,3.5,0.3848451,4.276056667,6.7,3.35,0.352565236,3.917391506
E,30,A8703,Pterophylla sylvicola,,A,A,,0,0,0,6.8,3.4,0.363168111,4.035201231,6.7,3.35,0.352565236,3.917391506
D,30,,Pterophylla sylvicola,A,A,A,8.4,4.2,0.554176944,6.157521601,8.6,4.3,0.580880482,6.454227574,8.3,4.15,0.541060795,6.011786608
D,30,,Pterophylla sylvicola,A,A,A,10.6,5.3,0.882473376,9.805259738,18.7,9.35,2.746458838,30.51620931,14.8,7.4,1.720336137,19.11484597
D,31,A8436,Pterophylla sylvicola,A,A,D,8.1,4.05,0.515299735,5.725552611,6,3,0.282743339,3.141592654,,0,0,0
D,31,A8725,Pterophylla sylvicola,A,A,A,23,11.5,4.154756284,46.16395872,17,8.5,2.269800692,25.22000769,16.9,8.45,2.243175694,24.92417438
D,31,,Pterophylla sylvicola,A,A,D,11.4,5.7,1.020703453,11.34114948,11.4,5.7,1.020703453,11.34114948,,0,0,0
E,32,A8530,Pterophylla sylvicola,,A,A,,0,0,0,10.4,5.2,0.849486654,9.438740595,11.8,5.9,1.093588403,12.15098225
E,32,A8614,Pterophylla sylvicola,,A,A,,0,0,0,9.6,4.8,0.723822947,8.042477193,9.5,4.75,0.708821842,7.87579825
D,32,A8727,Pterophylla sylvicola,A,A,A,5.5,2.75,0.237582944,2.639810494,6.2,3.1,0.301907054,3.354522822,6.4,3.2,0.321699088,3.574434308
D,32,A8781,Pterophylla sylvicola,A,A,A,15.5,7.75,1.886919088,20.96576764,17,8.5,2.269800692,25.22000769,18.4,9.2,2.659044022,29.54493358
D,32,,Pterophylla sylvicola,A,A,D,6.6,3.3,0.34211944,3.801327111,7,3.5,0.3848451,4.276056667,,0,0,0
D,33,A8711,Pterophylla sylvicola,A,A,A,11.3,5.65,1.002874915,11.14305461,12.9,6.45,1.306981084,14.52201204,14,7,1.5393804,17.10422667
D,33,,Pterophylla sylvicola,A,A,A,6,3,0.282743339,3.141592654,6.2,3.1,0.301907054,3.354522822,6.9,3.45,0.373928066,4.154756284
F,33,,Pterophylla sylvicola,A,A,A,22.6,11.3,4.011499659,44.57221844,22.3,11.15,3.905706527,43.39673919,23,11.5,4.154756284,46.16395872
E,33,,Pterophylla sylvicola,,A,A,,0,0,0,5,2.5,0.196349541,2.181661565,5.1,2.55,0.204282062,2.269800692
D,34,A8677,Pterophylla sylvicola,A,A,D,5.7,2.85,0.255175863,2.83528737,5.8,2.9,0.264207942,2.935643802,,0,0,0
E,34,,Pterophylla sylvicola,,A,A,,0,0,0,16.3,8.15,2.08672438,23.18582645,14,7,1.5393804,17.10422667
E,35,A8659,Pterophylla sylvicola,,A,A,,0,0,0,9.6,4.8,0.723822947,8.042477193,9.4,4.7,0.693977817,7.710864635
B,35,A8719,Pterophylla sylvicola,,A,D,,0,0,0,17.1,8.55,2.29658277,25.51758633,,0,0,0
B,35,,Pterophylla sylvicola,A,A,A,8.3,4.15,0.541060795,6.011786608,10,5,0.785398163,8.72664626,10.4,5.2,0.849486654,9.438740595
B,36,A8712,Pterophylla sylvicola,,A,A,,0,0,0,9.4,4.7,0.693977817,7.710864635,10.2,5.1,0.817128249,9.079202769
B,36,,Pterophylla sylvicola,A,A,A,6.1,3.05,0.292246657,3.247185073,6.3,3.15,0.311724531,3.463605901,6.5,3.25,0.331830724,3.687008045
B,36,,Pterophylla sylvicola,,A,A,,0,0,0,15.5,7.75,1.886919088,20.96576764,16.8,8.4,2.216707776,24.6300864
B,36,,Pterophylla sylvicola,A,A,A,9.9,4.95,0.76976874,8.552985999,10.6,5.3,0.882473376,9.805259738,9.8,4.9,0.754296396,8.381071068
B,37,,Pterophylla sylvicola,A,A,A,7.2,3.6,0.407150408,4.523893421,9.1,4.55,0.650388219,7.226535768,8.8,4.4,0.608212338,6.757914864
B,37,A8418,Pterophylla sylvicola,A,A,D,7,3.5,0.3848451,4.276056667,8.4,4.2,0.554176944,6.157521601,,0,0,0
B,37,A8546,Pterophylla sylvicola,,A,A,,0,0,0,8.8,4.4,0.608212338,6.757914864,8.6,4.3,0.580880482,6.454227574
B,37,A8612,Pterophylla sylvicola,,A,A,,0,0,0,8.4,4.2,0.554176944,6.157521601,8,4,0.502654825,5.585053606
B,37,,Pterophylla sylvicola,,A,A,,0,0,0,20.7,10.35,3.36535259,37.39280656,22.5,11.25,3.976078202,44.17864669
B,38,A8441,Pterophylla sylvicola,A,A,A,10.2,5.1,0.817128249,9.079202769,11.9,5.95,1.112202339,12.35780377,12.1,6.05,1.149901451,12.77668279
B,38,A8495,Pterophylla sylvicola,,A,A,,0,0,0,17,8.5,2.269800692,25.22000769,17.9,8.95,2.516494255,27.96104728
B,38,A8623,Pterophylla sylvicola,A,A,A,12.1,6.05,1.149901451,12.77668279,16.5,8.25,2.1382465,23.75829444,16.6,8.3,2.164243179,24.04714643
B,38,A8661,Pterophylla sylvicola,,A,A,,0,0,0,9.9,4.95,0.76976874,8.552985999,8.3,4.15,0.541060795,6.011786608
B,38,A8709,Pterophylla sylvicola,,A,A,,0,0,0,8.6,4.3,0.580880482,6.454227574,8.3,4.15,0.541060795,6.011786608
B,38,A8774,Pterophylla sylvicola,,A,D,,0,0,0,6.3,3.15,0.311724531,3.463605901,,0,0,0
B,39,,Pterophylla sylvicola,A,A,A,11.4,5.7,1.020703453,11.34114948,11.6,5.8,1.056831769,11.74257521,10.9,5.45,0.933131558,10.36812842
B,39,A8419,Pterophylla sylvicola,,A,A,,0,0,0,14.4,7.2,1.628601632,18.09557368,14,7,1.5393804,17.10422667
B,39,A8475,Pterophylla sylvicola,,A,A,,0,0,0,8,4,0.502654825,5.585053606,7.9,3.95,0.490166994,5.446299931
B,39,A8496,Pterophylla sylvicola,,A,A,,0,0,0,12.3,6.15,1.188228881,13.20254313,12.2,6.1,1.168986626,12.98874029
B,39,,Pterophylla sylvicola,A,A,A,16.8,8.4,2.216707776,24.6300864,20.4,10.2,3.268512997,36.31681108,21,10.5,3.463605901,38.48451001
B,40,,Pterophylla sylvicola,,A,A,,0,0,0,7.5,3.75,0.441786467,4.908738521,7.6,3.8,0.453645979,5.04051088
B,40,A8263,Pterophylla sylvicola,,A,A,,0,0,0,6.7,3.35,0.352565236,3.917391506,6.8,3.4,0.363168111,4.035201231
B,40,A8488,Pterophylla sylvicola,,A,D,,0,0,0,6.5,3.25,0.331830724,3.687008045,,0,0,0
B,40,A8503,Pterophylla sylvicola,,A,A,,0,0,0,17.9,8.95,2.516494255,27.96104728,18.8,9.4,2.775911269,30.84345854
B,40,A8678,Pterophylla sylvicola,A,A,A,15.8,7.9,1.960667975,21.78519972,19.8,9.9,3.07907496,34.211944,18,9,2.544690049,28.27433388
B,40,,Pterophylla sylvicola,,A,A,,0,0,0,10.2,5.1,0.817128249,9.079202769,10,5,0.785398163,8.72664626
B,41,A8220,Pterophylla sylvicola,A,A,D,8.5,4.25,0.567450173,6.305001923,8.5,4.25,0.567450173,6.305001923,,0,0,0
B,41,A8482,Pterophylla sylvicola,,A,A,,0,0,0,12.8,6.4,1.286796351,14.29773723,12.8,6.4,1.286796351,14.29773723
B,41,A8621,Pterophylla sylvicola,,A,A,,0,0,0,7.9,3.95,0.490166994,5.446299931,6.2,3.1,0.301907054,3.354522822
B,41,A8698,Pterophylla sylvicola,A,A,A,10.8,5.4,0.916088418,10.1787602,11.6,5.8,1.056831769,11.74257521,12.8,6.4,1.286796351,14.29773723
B,42,A8092?,Pterophylla sylvicola,,A,A,,0,0,0,11.4,5.7,1.020703453,11.34114948,11.1,5.55,0.967689077,10.75210086
B,42,A8479,Pterophylla sylvicola,A,A,A,5.2,2.6,0.212371663,2.359685149,5,2.5,0.196349541,2.181661565,5,2.5,0.196349541,2.181661565
B,42,A8497,Pterophylla sylvicola,,A,A,,0,0,0,6.2,3.1,0.301907054,3.354522822,5.9,2.95,0.273397101,3.037745563
B,42,A8576,Pterophylla sylvicola,,A,D,,0,0,0,5.5,2.75,0.237582944,2.639810494,,0,0,0
B,42,A8617,Pterophylla sylvicola,,A,A,,0,0,0,9.3,4.65,0.679290872,7.54767635,9.4,4.7,0.693977817,7.710864635
B,42,,Pterophylla sylvicola,,A,D,,0,0,0,6.5,3.25,0.331830724,3.687008045,,0,0,0
B,43,0,Pterophylla sylvicola,A,A,A,8.5,4.25,0.567450173,6.305001923,9.4,4.7,0.693977817,7.710864635,9.1,4.55,0.650388219,7.226535768
B,43,A8256?,Pterophylla sylvicola,,A,A,,0,0,0,15.9,7.95,1.985565097,22.06183441,16.9,8.45,2.243175694,24.92417438
B,43,A8485,Pterophylla sylvicola,A,A,A,6.1,3.05,0.292246657,3.247185073,6.5,3.25,0.331830724,3.687008045,7.9,3.95,0.490166994,5.446299931
B,43,,Pterophylla sylvicola,A,A,A,10.2,5.1,0.817128249,9.079202769,10.4,5.2,0.849486654,9.438740595,10,5,0.785398163,8.72664626
B,43,,Pterophylla sylvicola,A,A,A,13.6,6.8,1.452672443,16.14080492,14.3,7.15,1.606060704,17.84511894,14.1,7.05,1.561450089,17.34944543
B,44,A8037,Pterophylla sylvicola,A,A,A,6,3,0.282743339,3.141592654,6.1,3.05,0.292246657,3.247185073,6.2,3.1,0.301907054,3.354522822
B,44,A8491,Pterophylla sylvicola,A,A,A,9.2,4.6,0.664761005,7.386233394,9.7,4.85,0.738981132,8.210901466,9.1,4.55,0.650388219,7.226535768
B,44,A8589,Pterophylla sylvicola,A,A,A,12.4,6.2,1.207628216,13.41809129,14.2,7.1,1.583676857,17.59640952,14.9,7.45,1.743662463,19.37402736
B,44,A8620,Pterophylla sylvicola,A,A,A,9.6,4.8,0.723822947,8.042477193,10.6,5.3,0.882473376,9.805259738,10.4,5.2,0.849486654,9.438740595
B,44,,Pterophylla sylvicola,A,A,A,5.9,2.95,0.273397101,3.037745563,6.4,3.2,0.321699088,3.574434308,6,3,0.282743339,3.141592654
B,45,A8191,Pterophylla sylvicola,A,A,A,7,3.5,0.3848451,4.276056667,7,3.5,0.3848451,4.276056667,7.2,3.6,0.407150408,4.523893421
B,45,A8577,Pterophylla sylvicola,A,A,A,16.2,8.1,2.06119894,22.90221044,18.9,9.45,2.805520779,31.17245311,17.4,8.7,2.37787148,26.42079422
B,45,A8731,Pterophylla sylvicola,A,A,A,13.4,6.7,1.410260942,15.66956602,14.2,7.1,1.583676857,17.59640952,14.9,7.45,1.743662463,19.37402736
B,45,,Pterophylla sylvicola,A,A,A,6.5,3.25,0.331830724,3.687008045,7.2,3.6,0.407150408,4.523893421,6.6,3.3,0.34211944,3.801327111
B,46,,Pterophylla sylvicola,A,A,D,7.5,3.75,0.441786467,4.908738521,8,4,0.502654825,5.585053606,,0,0,0
B,46,A8091,Pterophylla sylvicola,,A,A,,0,0,0,6.8,3.4,0.363168111,4.035201231,6.6,3.3,0.34211944,3.801327111
B,46,A8744,Pterophylla sylvicola,,A,D,,0,0,0,5,2.5,0.196349541,2.181661565,,0,0,0
B,46,,Pterophylla sylvicola,A,A,D,14.8,7.4,1.720336137,19.11484597,17.8,8.9,2.488455541,27.64950601,,0,0,0
B,46,,Pterophylla sylvicola,A,A,D,5,2.5,0.196349541,2.181661565,5.2,2.6,0.212371663,2.359685149,,0,0,0
B,47,A8013,Pterophylla sylvicola,A,A,A,18.3,9.15,2.630219909,29.22466566,21.6,10.8,3.664353671,40.71504079,22.3,11.15,3.905706527,43.39673919
B,47,A8693,Pterophylla sylvicola,A,A,D,8.8,4.4,0.608212338,6.757914864,8.7,4.35,0.59446787,6.605198554,,0,0,0
B,47,A8737,Pterophylla sylvicola,A,D,D,12,6,1.130973355,12.56637061,,0,0,0,,0,0,0
B,47,,Pterophylla sylvicola,A,A,A,13.2,6.6,1.36847776,15.20530844,17.8,8.9,2.488455541,27.64950601,19.1,9.55,2.86521104,31.83567822
B,47,,Pterophylla sylvicola,A,A,A,9.4,4.7,0.693977817,7.710864635,,0,0,0,10.7,5.35,0.899202357,9.991137303
B,48,A8096,Pterophylla sylvicola,A,A,A,7.5,3.75,0.441786467,4.908738521,7.8,3.9,0.477836243,5.309291585,7.6,3.8,0.453645979,5.04051088
B,48,A8632,Pterophylla sylvicola,A,A,A,15,7.5,1.767145868,19.63495408,15.7,7.85,1.935927933,21.51031037,15.4,7.7,1.862650284,20.69611427
B,48,A8705,Pterophylla sylvicola,A,A,A,12.4,6.2,1.207628216,13.41809129,14.2,7.1,1.583676857,17.59640952,14,7,1.5393804,17.10422667
B,48,A8751,Pterophylla sylvicola,A,A,A,5,2.5,0.196349541,2.181661565,5.4,2.7,0.229022104,2.544690049,5.5,2.75,0.237582944,2.639810494
B,49,0,Pterophylla sylvicola,A,A,D,9.2,4.6,0.664761005,7.386233394,9.4,4.7,0.693977817,7.710864635,,0,0,0
B,49,A8081,Pterophylla sylvicola,A,A,A,10,5,0.785398163,8.72664626,10,5,0.785398163,8.72664626,9.5,4.75,0.708821842,7.87579825
B,49,,Pterophylla sylvicola,A,A,A,7.5,3.75,0.441786467,4.908738521,8.3,4.15,0.541060795,6.011786608,8.1,4.05,0.515299735,5.725552611
B,49,,Pterophylla sylvicola,A,A,A,9.8,4.9,0.754296396,8.381071068,11.2,5.6,0.985203456,10.94670507,11,5.5,0.950331778,10.55924197
B,50,A8631,Pterophylla sylvicola,A,A,A,10.7,5.35,0.899202357,9.991137303,10.5,5.25,0.865901475,9.621127502,10.6,5.3,0.882473376,9.805259738
B,50,,Pterophylla sylvicola,A,A,D,10.8,5.4,0.916088418,10.1787602,11.5,5.75,1.038689071,11.54098968,,0,0,0
B,50,,Pterophylla sylvicola,A,A,A,15.7,7.85,1.935927933,21.51031037,17.2,8.6,2.323521927,25.8169103,18.3,9.15,2.630219909,29.22466566
B,51,A8602,Pterophylla sylvicola,A,A,A,8.9,4.45,0.622113885,6.912376503,9.9,4.95,0.76976874,8.552985999,8.9,4.45,0.622113885,6.912376503
B,51,,Pterophylla sylvicola,A,A,A,8.1,4.05,0.515299735,5.725552611,8.6,4.3,0.580880482,6.454227574,9.1,4.55,0.650388219,7.226535768
B,51,,Pterophylla sylvicola,,A,A,,0,0,0,8,4,0.502654825,5.585053606,7.9,3.95,0.490166994,5.446299931
B,52,0,Pterophylla sylvicola,A,A,A,6.7,3.35,0.352565236,3.917391506,8.1,4.05,0.515299735,5.725552611,8.5,4.25,0.567450173,6.305001923
B,52,,Pterophylla sylvicola,A,A,A,14.5,7.25,1.651299639,18.34777376,16.3,8.15,2.08672438,23.18582645,16.2,8.1,2.06119894,22.90221044
B,53,A8068,Pterophylla sylvicola,,A,A,,0,0,0,10.1,5.05,0.801184666,8.90205185,11.4,5.7,1.020703453,11.34114948
A,53,A8641,Pterophylla sylvicola,,A,A,,0,0,0,5.7,2.85,0.255175863,2.83528737,6,3,0.282743339,3.141592654
A,54,,Pterophylla sylvicola,A,A,A,5.3,2.65,0.220618344,2.451314934,5.3,2.65,0.220618344,2.451314934,6.6,3.3,0.34211944,3.801327111
A,55,0,Pterophylla sylvicola,,A,D,,0,0,0,5.3,2.65,0.220618344,2.451314934,,0,0,0
A,55,A8268,Pterophylla sylvicola,,A,A,,0,0,0,10.9,5.45,0.933131558,10.36812842,11.7,5.85,1.075131546,11.94590607
A,55,A8634,Pterophylla sylvicola,,,A,,0,0,0,0,0,0,0,16.5,8.25,2.1382465,23.75829444
A,56,0,Pterophylla sylvicola,A,A,A,9.8,4.9,0.754296396,8.381071068,13.1,6.55,1.347821788,14.97579765,14.4,7.2,1.628601632,18.09557368
A,56,A8138,Pterophylla sylvicola,A,A,A,8.1,4.05,0.515299735,5.725552611,9,4.5,0.636172512,7.068583471,10.9,5.45,0.933131558,10.36812842
A,57,A8588,Pterophylla sylvicola,A,A,A,6.5,3.25,0.331830724,3.687008045,7.1,3.55,0.395919214,4.39910238,7.3,3.65,0.418538681,4.650429792
A,57,A8622,Pterophylla sylvicola,,A,D,,0,0,0,5.5,2.75,0.237582944,2.639810494,,0,0,0
A,57,,Pterophylla sylvicola,A,A,A,11.2,5.6,0.985203456,10.94670507,16,8,2.010619298,22.34021443,17.3,8.65,2.350618163,26.11797959
A,57,,Pterophylla sylvicola,A,A,A,12.5,6.25,1.22718463,13.63538478,14.7,7.35,1.697166891,18.8574099,15.2,7.6,1.814583917,20.16204352
A,58,A8587,Pterophylla sylvicola,A,A,A,5.3,2.65,0.220618344,2.451314934,5.4,2.7,0.229022104,2.544690049,5.7,2.85,0.255175863,2.83528737
A,58,,Pterophylla sylvicola,A,A,A,9.5,4.75,0.708821842,7.87579825,0,0,0,0,16.7,8.35,2.190396938,24.33774375
A,59,A8578,Pterophylla sylvicola,,A,A,,0,0,0,10.4,5.2,0.849486654,9.438740595,10.8,5.4,0.916088418,10.1787602
A,59,A8644,Pterophylla sylvicola,,A,A,,0,0,0,6.4,3.2,0.321699088,3.574434308,7.1,3.55,0.395919214,4.39910238
A,59,,Pterophylla sylvicola,A,A,A,11.5,5.75,1.038689071,11.54098968,14.7,7.35,1.697166891,18.8574099,15.3,7.65,1.838538561,20.42820623
A,59,,Pterophylla sylvicola,A,A,A,11.8,5.9,1.093588403,12.15098225,16.4,8.2,2.1124069,23.47118778,17.3,8.65,2.350618163,26.11797959
A,60,A8112,Pterophylla sylvicola,A,A,A,6.5,3.25,0.331830724,3.687008045,7,3.5,0.3848451,4.276056667,13.4,6.7,1.410260942,15.66956602
A,60,A8512,Pterophylla sylvicola,A,A,D,15,7.5,1.767145868,19.63495408,18.3,9.15,2.630219909,29.22466566,,0,0,0
A,60,A8608,Pterophylla sylvicola,,A,A,,0,0,0,10.5,5.25,0.865901475,9.621127502,10.5,5.25,0.865901475,9.621127502
A,61,A8269,Pterophylla sylvicola,A,A,D,7.9,3.95,0.490166994,5.446299931,5.5,2.75,0.237582944,2.639810494,,0,0,0
A,61,A8580,Pterophylla sylvicola,A,A,A,7.4,3.7,0.430084034,4.778711492,7.7,3.85,0.465662571,5.174028568,7.9,3.95,0.490166994,5.446299931
A,61,A8635,Pterophylla sylvicola,,A,A,,0,0,0,10.5,5.25,0.865901475,9.621127502,11.3,5.65,1.002874915,11.14305461
A,61,,Pterophylla sylvicola,A,A,A,8.6,4.3,0.580880482,6.454227574,9.8,4.9,0.754296396,8.381071068,10.6,5.3,0.882473376,9.805259738
A,62,A8276,Pterophylla sylvicola,,A,A,,0,0,0,9.1,4.55,0.650388219,7.226535768,8.9,4.45,0.622113885,6.912376503
A,62,A8583,Pterophylla sylvicola,,A,A,,0,0,0,8,4,0.502654825,5.585053606,13,6.5,1.327322896,14.74803218
A,62,,Pterophylla sylvicola,A,A,D,5.3,2.65,0.220618344,2.451314934,5,2.5,0.196349541,2.181661565,,0,0,0
A,63,A8029,Pterophylla sylvicola,A,A,A,8.4,4.2,0.554176944,6.157521601,11.1,5.55,0.967689077,10.75210086,12,6,1.130973355,12.56637061
A,63,,Pterophylla sylvicola,A,A,D,5.2,2.6,0.212371663,2.359685149,5.3,2.65,0.220618344,2.451314934,0,0,0,0
A,63,,Pterophylla sylvicola,,A,A,,0,0,0,16,8,2.010619298,22.34021443,17.4,8.7,2.37787148,26.42079422
A,64,A8340,Pterophylla sylvicola,,A,D,,0,0,0,8.6,4.3,0.580880482,6.454227574,,0,0,0
A,64,,Pterophylla sylvicola,,A,A,,0,0,0,7.5,3.75,0.441786467,4.908738521,8,4,0.502654825,5.585053606
A,65,A8284,Pterophylla sylvicola,A,A,A,11.3,5.65,1.002874915,11.14305461,12.4,6.2,1.207628216,13.41809129,12.4,6.2,1.207628216,13.41809129
A,65,A8595,Pterophylla sylvicola,,A,A,,0,0,0,12,6,1.130973355,12.56637061,17,8.5,2.269800692,25.22000769
C,66,A8257,Pterophylla sylvicola,,A,A,,0,0,0,15.6,7.8,1.91134497,21.23716634,16.7,8.35,2.190396938,24.33774375
C,66,A8598,Pterophylla sylvicola,A,A,A,7.5,3.75,0.441786467,4.908738521,9.6,4.8,0.723822947,8.042477193,10.8,5.4,0.916088418,10.1787602
C,66,,Pterophylla sylvicola,A,A,A,8.5,4.25,0.567450173,6.305001923,9.3,4.65,0.679290872,7.54767635,9.3,4.65,0.679290872,7.54767635
C,67,A8291,Pterophylla sylvicola,,A,A,,0,0,0,17.4,8.7,2.37787148,26.42079422,17.6,8.8,2.432849351,27.03165945
C,67,,Pterophylla sylvicola,A,A,A,6.2,3.1,0.301907054,3.354522822,6.8,3.4,0.363168111,4.035201231,6.5,3.25,0.331830724,3.687008045
C,68,,Pterophylla sylvicola,,A,D,,0,0,0,6.5,3.25,0.331830724,3.687008045,,0,0,0
C,68,,Pterophylla sylvicola,,A,A,,0,0,0,18.9,9.45,2.805520779,31.17245311,20.3,10.15,3.236547292,35.96163657
C,69,A8590,Pterophylla sylvicola,A,A,A,6.5,3.25,0.331830724,3.687008045,6.6,3.3,0.34211944,3.801327111,7.6,3.8,0.453645979,5.04051088
C,69,,Pterophylla sylvicola,A,A,A,12.5,6.25,1.22718463,13.63538478,13,6.5,1.327322896,14.74803218,12.8,6.4,1.286796351,14.29773723
C,70,A8596,Pterophylla sylvicola,,A,A,,0,0,0,8.6,4.3,0.580880482,6.454227574,8.8,4.4,0.608212338,6.757914864
C,70,,Pterophylla sylvicola,A,A,A,14.6,7.3,1.674154725,18.60171917,17,8.5,2.269800692,25.22000769,17.7,8.85,2.460573906,27.33971007
C,71,,Pterophylla sylvicola,A,A,A,7.3,3.65,0.418538681,4.650429792,7.8,3.9,0.477836243,5.309291585,8,4,0.502654825,5.585053606
C,71,,Pterophylla sylvicola,A,A,A,9.1,4.55,0.650388219,7.226535768,11.6,5.8,1.056831769,11.74257521,11.8,5.9,1.093588403,12.15098225
C,72,A8223,Pterophylla sylvicola,A,A,A,15.3,7.65,1.838538561,20.42820623,16.8,8.4,2.216707776,24.6300864,16.5,8.25,2.1382465,23.75829444
C,72,,Pterophylla sylvicola,A,A,A,8.5,4.25,0.567450173,6.305001923,8.5,4.25,0.567450173,6.305001923,8.4,4.2,0.554176944,6.157521601
C,73,A8111,Pterophylla sylvicola,A,A,A,7.9,3.95,0.490166994,5.446299931,9.1,4.55,0.650388219,7.226535768,8.5,4.25,0.567450173,6.305001923
C,73,,Pterophylla sylvicola,A,A,A,11.1,5.55,0.967689077,10.75210086,13.2,6.6,1.36847776,15.20530844,13.7,6.85,1.474113813,16.37904237
C,74,A8011,Pterophylla sylvicola,,A,A,,0,0,0,15.2,7.6,1.814583917,20.16204352,15.5,7.75,1.886919088,20.96576764
C,74,,Pterophylla sylvicola,,A,A,,0,0,0,21.9,10.95,3.766848131,41.85386813,24,12,4.523893421,50.26548246
C,75,A8198,Pterophylla sylvicola,,A,D,,0,0,0,5,2.5,0.196349541,2.181661565,,0,0,0
C,75,A8572,Pterophylla sylvicola,A,A,D,9.2,4.6,0.664761005,7.386233394,11.5,5.75,1.038689071,11.54098968,,0,0,0
C,76,A8200,Pterophylla sylvicola,A,A,A,8.5,4.25,0.567450173,6.305001923,9.2,4.6,0.664761005,7.386233394,9.4,4.7,0.693977817,7.710864635
C,77,A8036,Pterophylla sylvicola,A,A,A,7.4,3.7,0.430084034,4.778711492,7.6,3.8,0.453645979,5.04051088,7.8,3.9,0.477836243,5.309291585
C,77,,Pterophylla sylvicola,A,A,A,6.8,3.4,0.363168111,4.035201231,6.9,3.45,0.373928066,4.154756284,6.8,3.4,0.363168111,4.035201231
C,78,A8208,Pterophylla sylvicola,A,A,A,8.2,4.1,0.528101725,5.867796945,9,4.5,0.636172512,7.068583471,9.4,4.7,0.693977817,7.710864635
C,78,,Pterophylla sylvicola,A,A,A,11.1,5.55,0.967689077,10.75210086,15,7.5,1.767145868,19.63495408,15.8,7.9,1.960667975,21.78519972
C,79,A8140,Pterophylla sylvicola,,A,A,,0,0,0,21,10.5,3.463605901,38.48451001,21.9,10.95,3.766848131,41.85386813
C,79,,Pterophylla sylvicola,A,A,A,8.9,4.45,0.622113885,6.912376503,9.4,4.7,0.693977817,7.710864635,9.8,4.9,0.754296396,8.381071068
B,80,A8461,Pterophylla sylvicola,,A,D,,0,0,0,6.4,3.2,0.321699088,3.574434308,,0,0,0
C,80,,Pterophylla sylvicola,,A,A,,0,0,0,5.3,2.65,0.220618344,2.451314934,5.6,2.8,0.246300864,2.736676267
C,81,A8483,Pterophylla sylvicola,A,A,A,10.7,5.35,0.899202357,9.991137303,13.2,6.6,1.36847776,15.20530844,13.9,6.95,1.517467792,16.86075324
C,82,A8387,Pterophylla sylvicola,,A,A,,0,0,0,14.5,7.25,1.651299639,18.34777376,14.7,7.35,1.697166891,18.8574099
C,82,,Pterophylla sylvicola,A,A,A,8.5,4.25,0.567450173,6.305001923,8.8,4.4,0.608212338,6.757914864,8.9,4.45,0.622113885,6.912376503
C,83,A8467,Pterophylla sylvicola,,A,A,,0,0,0,6.2,3.1,0.301907054,3.354522822,6.5,3.25,0.331830724,3.687008045
C,83,,Pterophylla sylvicola,A,A,A,13.9,6.95,1.517467792,16.86075324,13.7,6.85,1.474113813,16.37904237,14.3,7.15,1.606060704,17.84511894
C,84,A8477,Pterophylla sylvicola,A,A,A,8.5,4.25,0.567450173,6.305001923,8.9,4.45,0.622113885,6.912376503,8.9,4.45,0.622113885,6.912376503
C,84,,Pterophylla sylvicola,,A,A,,0,0,0,10,5,0.785398163,8.72664626,10.1,5.05,0.801184666,8.90205185
C,85,A8455,Pterophylla sylvicola,A,A,A,11.4,5.7,1.020703453,11.34114948,13.5,6.75,1.431388153,15.90431281,13.8,6.9,1.495712262,16.61902514
C,85,,Pterophylla sylvicola,A,A,A,15.1,7.55,1.790786352,19.89762614,17.4,8.7,2.37787148,26.42079422,18,9,2.544690049,28.27433388
C,86,A8476,Pterophylla sylvicola,A,A,A,7.7,3.85,0.465662571,5.174028568,9.3,4.65,0.679290872,7.54767635,9.8,4.9,0.754296396,8.381071068
C,87,A8473,Pterophylla sylvicola,A,A,A,14.2,7.1,1.583676857,17.59640952,17.4,8.7,2.37787148,26.42079422,18.1,9.05,2.573042923,28.58936581
F,88,A8453,Pterophylla sylvicola,A,A,D,20,10,3.141592654,34.90658504,21.6,10.8,3.664353671,40.71504079,,0,0,0
F,88,,Pterophylla sylvicola,A,A,A,22,11,3.801327111,42.2369679,22.3,11.15,3.905706527,43.39673919,24,12,4.523893421,50.26548246
F,89,A8456,Pterophylla sylvicola,A,A,A,26.5,13.25,5.515458602,61.28287336,17.9,8.95,2.516494255,27.96104728,18,9,2.544690049,28.27433388
F,89,,Pterophylla sylvicola,A,A,A,6.4,3.2,0.321699088,3.574434308,6.5,3.25,0.331830724,3.687008045,7,3.5,0.3848451,4.276056667
F,90,A8458,Pterophylla sylvicola,A,A,A,16.1,8.05,2.035830579,22.62033977,16.6,8.3,2.164243179,24.04714643,16.5,8.25,2.1382465,23.75829444
F,90,,Pterophylla sylvicola,A,A,A,24,12,4.523893421,50.26548246,25.5,12.75,5.107051557,56.74501731,25,12.5,4.908738521,54.54153912
F,91,,Pterophylla sylvicola,A,A,D,7.5,3.75,0.441786467,4.908738521,7.8,3.9,0.477836243,5.309291585,,0,0,0
F,92,A8478?,Pterophylla sylvicola,A,A,A,31.9,15.95,7.992290251,88.80322501,24.4,12.2,4.675946506,51.95496117,24,12,4.523893421,50.26548246
F,94,,Pterophylla sylvicola,A,A,A,17.2,8.6,2.323521927,25.8169103,17.8,8.9,2.488455541,27.64950601,13.6,6.8,1.452672443,16.14080492
F,95,,Pterophylla sylvicola,A,A,A,8.5,4.25,0.567450173,6.305001923,14.8,7.4,1.720336137,19.11484597,14.5,7.25,1.651299639,18.34777376
F,96,,Pterophylla sylvicola,A,A,A,14.2,7.1,1.583676857,17.59640952,15.3,7.65,1.838538561,20.42820623,17,8.5,2.269800692,25.22000769
F,97,,Pterophylla sylvicola,A,A,A,13.5,6.75,1.431388153,15.90431281,14.4,7.2,1.628601632,18.09557368,15,7.5,1.767145868,19.63495408
F,98,A8470,Pterophylla sylvicola,A,A,D,5.5,2.75,0.237582944,2.639810494,5.2,2.6,0.212371663,2.359685149,,0,0,0
F,99,A8469,Pterophylla sylvicola,A,A,A,30.8,15.4,7.450601137,82.78445708,33.8,16.9,8.972702778,99.69669753,33.1,16.55,8.604900818,95.61000909
F,99,,Pterophylla sylvicola,A,A,A,22.8,11.4,4.082813813,45.36459792,23.4,11.7,4.300526183,47.78362426,24,12,4.523893421,50.26548246
F,101,,Pterophylla sylvicola,A,A,A,29.3,14.65,6.742564693,74.91738548,32.2,16.1,8.143322317,90.48135908,31.8,15.9,7.942260388,88.24733764
F,102,,Pterophylla sylvicola,,A,A,,0,0,0,31.5,15.75,7.793113276,86.59014751,33,16.5,8.552985999,95.03317777
F,102,A8232,Pterophylla sylvicola,,A,A,,0,0,0,26.6,13.3,5.557163245,61.74625828,26.5,13.25,5.515458602,61.28287336
F,103,,Pterophylla sylvicola,A,A,A,46,23,16.61902514,184.6558349,49.5,24.75,19.2442185,213.82465,52,26,21.23716634,235.9685149
F,105,A8463?,Pterophylla sylvicola,,A,D,,0,0,0,39.9,19.95,12.5036173,138.9290811,,0,0,0
F,106,A8474?,Pterophylla sylvicola,A,A,A,28.9,14.45,6.559724001,72.88582223,32.4,16.2,8.24479576,91.60884178,33,16.5,8.552985999,95.03317777
F,107,,Pterophylla sylvicola,A,A,A,15.6,7.8,1.91134497,21.23716634,16.6,8.3,2.164243179,24.04714643,16,8,2.010619298,22.34021443
F,100A,A8706,Pterophylla sylvicola,A,A,A,8,4,0.502654825,5.585053606,8.1,4.05,0.515299735,5.725552611,10.8,5.4,0.916088418,10.1787602
F,11A,A8402,Pterophylla sylvicola,A,A,A,23.5,11.75,4.337361357,48.19290397,24,12,4.523893421,50.26548246,27,13.5,5.725552611,63.61725124
F,11B,,Pterophylla sylvicola,A,A,A,22.5,11.25,3.976078202,44.17864669,23.2,11.6,4.227327075,46.97030083,26.3,13.15,5.432520556,60.36133952
F,13A,,Pterophylla sylvicola,,A,A,,0,0,0,13,6.5,1.327322896,14.74803218,12.5,6.25,1.22718463,13.63538478
F,13B,,Pterophylla sylvicola,A,A,A,28.5,14.25,6.379396582,70.88218425,29.5,14.75,6.834927517,75.94363908,31,15.5,7.54767635,83.86307056
A,13C,,Pterophylla sylvicola,A,A,D,6.2,3.1,0.301907054,3.354522822,8.2,4.1,0.528101725,5.867796945,0,0,0,0
A,14A,,Pterophylla sylvicola,A,A,A,8.2,4.1,0.528101725,5.867796945,9.1,4.55,0.650388219,7.226535768,9.3,4.65,0.679290872,7.54767635
A,14B,,Pterophylla sylvicola,A,A,A,8.1,4.05,0.515299735,5.725552611,8.2,4.1,0.528101725,5.867796945,8.1,4.05,0.515299735,5.725552611
A,14C,,Pterophylla sylvicola,A,A,D,6.5,3.25,0.331830724,3.687008045,6.3,3.15,0.311724531,3.463605901,0,0,0,0
A,14D,,Pterophylla sylvicola,,,D,,0,0,0,,0,0,0,,0,0,0
A,15A,A8405,Pterophylla sylvicola,A,A,A,10.8,5.4,0.916088418,10.1787602,12.3,6.15,1.188228881,13.20254313,13.5,6.75,1.431388153,15.90431281
A,15B,A8406,Pterophylla sylvicola,A,A,A,5.3,2.65,0.220618344,2.451314934,6.1,3.05,0.292246657,3.247185073,6.2,3.1,0.301907054,3.354522822
A,16A,,Pterophylla sylvicola,A,A,A,7.2,3.6,0.407150408,4.523893421,7.4,3.7,0.430084034,4.778711492,7.5,3.75,0.441786467,4.908738521
A,16B,,Pterophylla sylvicola,A,A,A,11.3,5.65,1.002874915,11.14305461,14.6,7.3,1.674154725,18.60171917,14.8,7.4,1.720336137,19.11484597
A,16C,,Pterophylla sylvicola,A,A,A,22,11,3.801327111,42.2369679,23.8,11.9,4.448809357,49.43121507,22.9,11.45,4.118706509,45.76340565
A,16D,,Pterophylla sylvicola,A,A,A,16.3,8.15,2.08672438,23.18582645,18.3,9.15,2.630219909,29.22466566,18,9,2.544690049,28.27433388
A,18A,,Pterophylla sylvicola,A,A,A,12,6,1.130973355,12.56637061,13.2,6.6,1.36847776,15.20530844,13.5,6.75,1.431388153,15.90431281
A,18B,,Pterophylla sylvicola,A,A,A,9.5,4.75,0.708821842,7.87579825,11.2,5.6,0.985203456,10.94670507,12.1,6.05,1.149901451,12.77668279
A,18C,,Pterophylla sylvicola,A,A,A,7,3.5,0.3848451,4.276056667,8.3,4.15,0.541060795,6.011786608,8.8,4.4,0.608212338,6.757914864
A,18D,,Pterophylla sylvicola,A,A,A,10.2,5.1,0.817128249,9.079202769,11.3,5.65,1.002874915,11.14305461,11.8,5.9,1.093588403,12.15098225
A,18E,,Pterophylla sylvicola,A,A,A,6.8,3.4,0.363168111,4.035201231,7.3,3.65,0.418538681,4.650429792,7.5,3.75,0.441786467,4.908738521
A,18F,,Pterophylla sylvicola,A,A,A,8.8,4.4,0.608212338,6.757914864,9.4,4.7,0.693977817,7.710864635,9.5,4.75,0.708821842,7.87579825
A,18G,,Pterophylla sylvicola,,A,A,,0,0,0,10.9,5.45,0.933131558,10.36812842,11.9,5.95,1.112202339,12.35780377
A,20A,A8407,Pterophylla sylvicola,A,A,D,6.2,3.1,0.301907054,3.354522822,0,0,0,0,0,0,0,0
A,20A,A8424,Pterophylla sylvicola,A,A,A,5.5,2.75,0.237582944,2.639810494,6.8,3.4,0.363168111,4.035201231,7.4,3.7,0.430084034,4.778711492
A,20A,A8728,Pterophylla sylvicola,,A,A,,0,0,0,6,3,0.282743339,3.141592654,12.7,6.35,1.266768698,14.07520775
A,20A,A8754,Pterophylla sylvicola,A,A,A,7.2,3.6,0.407150408,4.523893421,7,3.5,0.3848451,4.276056667,7.6,3.8,0.453645979,5.04051088
A,20B,A8415,Pterophylla sylvicola,A,A,A,9.5,4.75,0.708821842,7.87579825,11.1,5.55,0.967689077,10.75210086,11.6,5.8,1.056831769,11.74257521
A,20B,,Pterophylla sylvicola,A,A,A,7.5,3.75,0.441786467,4.908738521,9.5,4.75,0.708821842,7.87579825,9.9,4.95,0.76976874,8.552985999
A,20B,,Pterophylla sylvicola,A,A,A,7.4,3.7,0.430084034,4.778711492,9.4,4.7,0.693977817,7.710864635,10,5,0.785398163,8.72664626
A,20C,,Pterophylla sylvicola,A,A,A,10,5,0.785398163,8.72664626,10.5,5.25,0.865901475,9.621127502,11.4,5.7,1.020703453,11.34114948
A,20D,A8437,Pterophylla sylvicola,A,A,A,8,4,0.502654825,5.585053606,10,5,0.785398163,8.72664626,10.8,5.4,0.916088418,10.1787602
A,21A,A8343,Pterophylla sylvicola,A,A,A,7,3.5,0.3848451,4.276056667,7.6,3.8,0.453645979,5.04051088,7.7,3.85,0.465662571,5.174028568
A,21B,,Pterophylla sylvicola,A,A,D,7.6,3.8,0.453645979,5.04051088,7.5,3.75,0.441786467,4.908738521,0,0,0,0
A,22A,A8541,Pterophylla sylvicola,A,A,A,6.7,3.35,0.352565236,3.917391506,8,4,0.502654825,5.585053606,7.2,3.6,0.407150408,4.523893421
A,22A,A8746,Pterophylla sylvicola,A,A,A,10.5,5.25,0.865901475,9.621127502,10.9,5.45,0.933131558,10.36812842,11.1,5.55,0.967689077,10.75210086
A,22B,,Pterophylla sylvicola,A,A,A,11.1,5.55,0.967689077,10.75210086,12.2,6.1,1.168986626,12.98874029,13.6,6.8,1.452672443,16.14080492
A,23A,A8567,Pterophylla sylvicola,A,A,D,6.3,3.15,0.311724531,3.463605901,6,3,0.282743339,3.141592654,0,0,0,0
A,23A,A8687,Pterophylla sylvicola,A,A,A,6.3,3.15,0.311724531,3.463605901,6.9,3.45,0.373928066,4.154756284,7.1,3.55,0.395919214,4.39910238
A,23B,,Pterophylla sylvicola,A,A,A,9.2,4.6,0.664761005,7.386233394,9.8,4.9,0.754296396,8.381071068,9.9,4.95,0.76976874,8.552985999
A,24A,A8673,Pterophylla sylvicola,A,A,A,10.2,5.1,0.817128249,9.079202769,0,0,0,0,20.9,10.45,3.430697718,38.11886353
A,24B,A6862,Pterophylla sylvicola,A,A,A,13.2,6.6,1.36847776,15.20530844,13.6,6.8,1.452672443,16.14080492,14.7,7.35,1.697166891,18.8574099
E,24C,A8670,Pterophylla sylvicola,A,A,A,10,5,0.785398163,8.72664626,10.3,5.15,0.833228912,9.258099017,10.9,5.45,0.933131558,10.36812842
E,24D,,Pterophylla sylvicola,,A,D,,0,0,0,10.5,5.25,0.865901475,9.621127502,,0,0,0
E,24F,A8653,Pterophylla sylvicola,A,A,A,19.5,9.75,2.986476516,33.1830724,19.5,9.75,2.986476516,33.1830724,20.5,10.25,3.300635782,36.67373091
E,25A,A8618,Pterophylla sylvicola,,A,A,,0,0,0,26.8,13.4,5.641043769,62.6782641,28,14,6.157521601,68.41690668
E,25A,A8757,Pterophylla sylvicola,,A,A,,0,0,0,9.7,4.85,0.738981132,8.210901466,9.6,4.8,0.723822947,8.042477193
E,25B,,Pterophylla sylvicola,A,A,A,11,5.5,0.950331778,10.55924197,11.9,5.95,1.112202339,12.35780377,13.2,6.6,1.36847776,15.20530844
E,26A,A8559,Pterophylla sylvicola,A,A,D,5.5,2.75,0.237582944,2.639810494,5.3,2.65,0.220618344,2.451314934,,0,0,0
E,26A,A8738,Pterophylla sylvicola,A,A,A,23.9,11.95,4.486272849,49.8474761,25.5,12.75,5.107051557,56.74501731,26,13,5.309291585,58.99212872
E,26B,,Pterophylla sylvicola,,A,A,,0,0,0,9.8,4.9,0.754296396,8.381071068,10,5,0.785398163,8.72664626
E,27A,A8296,Pterophylla sylvicola,,A,A,,0,0,0,51.8,25.9,21.07411768,234.1568631,36.2,18.1,10.29217169,114.3574632
E,27A,A8679,Pterophylla sylvicola,A,A,A,13,6.5,1.327322896,14.74803218,14,7,1.5393804,17.10422667,14.3,7.15,1.606060704,17.84511894
E,27B,A8655,Pterophylla sylvicola,,A,A,,0,0,0,23.5,11.75,4.337361357,48.19290397,24.9,12.45,4.869547153,54.10607948
E,27B,,Pterophylla sylvicola,A,A,A,13.9,6.95,1.517467792,16.86075324,15.4,7.7,1.862650284,20.69611427,15.9,7.95,1.985565097,22.06183441
E,27C,A8680,Pterophylla sylvicola,,A,A,,0,0,0,5.3,2.65,0.220618344,2.451314934,7.3,3.65,0.418538681,4.650429792
E,28B,,Pterophylla sylvicola,A,A,A,8.9,4.45,0.622113885,6.912376503,9.6,4.8,0.723822947,8.042477193,9,4.5,0.636172512,7.068583471
E,28D,,Pterophylla sylvicola,A,A,A,7.3,3.65,0.418538681,4.650429792,7.2,3.6,0.407150408,4.523893421,6.8,3.4,0.363168111,4.035201231
E,28E,,Pterophylla sylvicola,,A,A,,0,0,0,9.3,4.65,0.679290872,7.54767635,6.7,3.35,0.352565236,3.917391506
E,28F,,Pterophylla sylvicola,A,A,A,22.5,11.25,3.976078202,44.17864669,24.5,12.25,4.714352476,52.38169418,25.3,12.65,5.027255104,55.85839005
E,29A,A8551,Pterophylla sylvicola,,A,A,,0,0,0,0.8,0.4,0.005026548,0.055850536,8.3,4.15,0.541060795,6.011786608
E,29A,A8647,Pterophylla sylvicola,A,A,A,6.1,3.05,0.292246657,3.247185073,6.3,3.15,0.311724531,3.463605901,6.5,3.25,0.331830724,3.687008045
E,29A,A8652,Pterophylla sylvicola,A,A,A,6.6,3.3,0.34211944,3.801327111,7.3,3.65,0.418538681,4.650429792,7.1,3.55,0.395919214,4.39910238
E,29B,A8535?,Pterophylla sylvicola,A,A,D,22.15,11.075,3.853340104,42.81489005,22.7,11.35,4.047078196,44.96753551,,0,0,0
E,29B,A8654,Pterophylla sylvicola,,A,A,,0,0,0,20.5,10.25,3.300635782,36.67373091,21.1,10.55,3.496671163,38.85190181
E,29C,,Pterophylla sylvicola,A,A,A,15.1,7.55,1.790786352,19.89762614,13.4,6.7,1.410260942,15.66956602,19.6,9.8,3.017185585,33.52428427
E,30A,A8649,Pterophylla sylvicola,,A,A,,0,0,0,15.5,7.75,1.886919088,20.96576764,15.2,7.6,1.814583917,20.16204352
E,30B,,Pterophylla sylvicola,,A,A,,0,0,0,26.2,13.1,5.391287153,59.90319059,27.1,13.55,5.768042652,64.0893628
E,31A,A8624,Pterophylla sylvicola,,A,A,,0,0,0,11.8,5.9,1.093588403,12.15098225,11.7,5.85,1.075131546,11.94590607
E,31B,,Pterophylla sylvicola,A,A,A,13.4,6.7,1.410260942,15.66956602,13.7,6.85,1.474113813,16.37904237,13.8,6.9,1.495712262,16.61902514
E,31B,,Pterophylla sylvicola,A,A,A,6,3,0.282743339,3.141592654,6.5,3.25,0.331830724,3.687008045,6.9,3.45,0.373928066,4.154756284
E,31B,,Pterophylla sylvicola,A,A,A,16.7,8.35,2.190396938,24.33774375,20.3,10.15,3.236547292,35.96163657,20.6,10.3,3.332915646,37.03239607
E,31C,,Pterophylla sylvicola,,A,A,,0,0,0,9.5,4.75,0.708821842,7.87579825,10.6,5.3,0.882473376,9.805259738
E,31D,,Pterophylla sylvicola,,A,A,,0,0,0,11.2,5.6,0.985203456,10.94670507,11.6,5.8,1.056831769,11.74257521
E,33A,A8564,Pterophylla sylvicola,,A,A,,0,0,0,13.1,6.55,1.347821788,14.97579765,13.6,6.8,1.452672443,16.14080492
E,33A,A8625,Pterophylla sylvicola,,A,D,,0,0,0,18.5,9.25,2.688025214,29.86694682,,0,0,0
E,33C,,Pterophylla sylvicola,,A,A,,0,0,0,9.7,4.85,0.738981132,8.210901466,10.2,5.1,0.817128249,9.079202769
E,34A,A8513,Pterophylla sylvicola,,A,A,,0,0,0,21.5,10.75,3.63050301,40.33892234,23.1,11.55,4.19096314,46.56625711
E,34C,,Pterophylla sylvicola,,A,A,,0,0,0,5,2.5,0.196349541,2.181661565,5,2.5,0.196349541,2.181661565
E,35A,A8520,Pterophylla sylvicola,,A,A,,0,0,0,6,3,0.282743339,3.141592654,6,3,0.282743339,3.141592654
E,35A,,Pterophylla sylvicola,,A,A,,0,0,0,9,4.5,0.636172512,7.068583471,9.7,4.85,0.738981132,8.210901466
E,35A,,Pterophylla sylvicola,A,A,A,13.1,6.55,1.347821788,14.97579765,14,7,1.5393804,17.10422667,13.8,6.9,1.495712262,16.61902514
E,35B,,Pterophylla sylvicola,,A,A,,0,0,0,6,3,0.282743339,3.141592654,6.2,3.1,0.301907054,3.354522822
E,35B,,Pterophylla sylvicola,,A,A,,0,0,0,18.8,9.4,2.775911269,30.84345854,19.1,9.55,2.86521104,31.83567822
B,35B,,Pterophylla sylvicola,,,A,,0,0,0,,0,0,0,6.9,3.45,0.373928066,4.154756284
B,35C,,Pterophylla sylvicola,,,A,,0,0,0,,0,0,0,14.2,7.1,1.583676857,17.59640952
B,35C,,Pterophylla sylvicola,,,A,,0,0,0,,0,0,0,10.5,5.25,0.865901475,9.621127502
B,35D,,Pterophylla sylvicola,,,A,,0,0,0,,0,0,0,6.7,3.35,0.352565236,3.917391506
B,35E,,Pterophylla sylvicola,,,A,,0,0,0,,0,0,0,16.7,8.35,2.190396938,24.33774375
B,35F,,Pterophylla sylvicola,,,A,,0,0,0,,0,0,0,10,5,0.785398163,8.72664626
B,35G,,Pterophylla sylvicola,,,A,,0,0,0,,0,0,0,13.5,6.75,1.431388153,15.90431281
B,36A,,Pterophylla sylvicola,,,A,,0,0,0,,0,0,0,6.2,3.1,0.301907054,3.354522822
B,36A,,Pterophylla sylvicola,,,A,,0,0,0,,0,0,0,8.4,4.2,0.554176944,6.157521601
B,36B,,Pterophylla sylvicola,,,A,,0,0,0,,0,0,0,11.3,5.65,1.002874915,11.14305461
B,36B,,Pterophylla sylvicola,,,A,,0,0,0,,0,0,0,11.1,5.55,0.967689077,10.75210086
F,36C,,Pterophylla sylvicola,A,D,D,12.3,6.15,1.188228881,13.20254313,,0,0,0,,0,0,0
D,36C,,Pterophylla sylvicola,A,D,D,7.6,3.8,0.453645979,5.04051088,,0,0,0,,0,0,0
F,36E,,Pterophylla sylvicola,A,D,D,13,6.5,1.327322896,14.74803218,,0,0,0,,0,0,0
C,37A,,Pterophylla sylvicola,A,D,D,5.75,2.875,0.259672268,2.88524742,,0,0,0,,0,0,0
D,37B,,Pterophylla sylvicola,A,D,D,15.1,7.55,1.790786352,19.89762614,,0,0,0,,0,0,0
C,37C,,Pterophylla sylvicola,A,D,D,10.4,5.2,0.849486654,9.438740595,,0,0,0,,0,0,0
E,41A,A8508,Pterophylla sylvicola,A,D,D,13.2,6.6,1.36847776,15.20530844,,0,0,0,,0,0,0
D,41A,,Pterophylla sylvicola,A,D,D,7,3.5,0.3848451,4.276056667,,0,0,0,,0,0,0
E,41B,A8629,Pterophylla sylvicola,A,D,D,24,12,4.523893421,50.26548246,,0,0,0,,0,0,0
F,41B,,Pterophylla sylvicola,A,D,D,12,6,1.130973355,12.56637061,,0,0,0,,0,0,0
E,41B,,Pterophylla sylvicola,A,D,D,9,4.5,0.636172512,7.068583471,,0,0,0,,0,0,0
E,41C,,Pterophylla sylvicola,A,D,D,50,25,19.63495408,218.1661565,,0,0,0,,0,0,0
F,43A,A8493,Pterophylla sylvicola,A,D,D,25.7,12.85,5.187476329,57.63862588,,0,0,0,,0,0,0
D,44B,,Pterophylla sylvicola,A,D,D,5.3,2.65,0.220618344,2.451314934,,0,0,0,,0,0,0
E,45A,A8637,Pterophylla sylvicola,A,A,D,11.6,5.8,1.056831769,11.74257521,10.9,5.45,0.933131558,10.36812842,,0,0,0
D,45B,,Pterophylla sylvicola,A,D,D,7.7,3.85,0.465662571,5.174028568,,0,0,0,,0,0,0
F,45B,,Pterophylla sylvicola,A,D,D,29,14.5,6.605198554,73.39109505,,0,0,0,,0,0,0
E,45C,,Pterophylla sylvicola,A,D,D,16.1,8.05,2.035830579,22.62033977,,0,0,0,,0,0,0
F,46C,,Pterophylla sylvicola,A,D,D,11.1,5.55,0.967689077,10.75210086,,0,0,0,,0,0,0
E,47A,A8639,Pterophylla sylvicola,A,D,D,8.8,4.4,0.608212338,6.757914864,,0,0,0,,0,0,0
F,47B,,Pterophylla sylvicola,A,D,D,12.4,6.2,1.207628216,13.41809129,,0,0,0,,0,0,0
F,48A,,Pterophylla sylvicola,A,D,D,12.4,6.2,1.207628216,13.41809129,,0,0,0,,0,0,0
D,48B,,Pterophylla sylvicola,A,D,D,10.6,5.3,0.882473376,9.805259738,,0,0,0,,0,0,0
F,49A,A8518,Pterophylla sylvicola,A,D,D,10.1,5.05,0.801184666,8.90205185,,0,0,0,,0,0,0
D,49B,,Pterophylla sylvicola,A,D,D,9.5,4.75,0.708821842,7.87579825,,0,0,0,,0,0,0
D,49E,,Pterophylla sylvicola,A,D,D,12.9,6.45,1.306981084,14.52201204,,0,0,0,,0,0,0
E,50A,A8603,Pterophylla sylvicola,A,D,D,9.1,4.55,0.650388219,7.226535768,,0,0,0,,0,0,0
D,50A,,Pterophylla sylvicola,A,D,D,9.1,4.55,0.650388219,7.226535768,,0,0,0,,0,0,0
F,50C,,Pterophylla sylvicola,A,D,D,40.6,20.3,12.94618917,143.8465463,,0,0,0,,0,0,0
E,51B,,Pterophylla sylvicola,A,D,D,8.6,4.3,0.580880482,6.454227574,,0,0,0,,0,0,0
C,51C,,Pterophylla sylvicola,A,D,D,5.5,2.75,0.237582944,2.639810494,,0,0,0,,0,0,0
E,52A,,Pterophylla sylvicola,A,D,D,9,4.5,0.636172512,7.068583471,,0,0,0,,0,0,0
E,52A,,Pterophylla sylvicola,A,D,D,6.6,3.3,0.34211944,3.801327111,,0,0,0,,0,0,0
F,52B,A8525,Pterophylla sylvicola,A,D,D,33,16.5,8.552985999,95.03317777,,0,0,0,,0,0,0
C,52B,,Pterophylla sylvicola,A,D,D,6.3,3.15,0.311724531,3.463605901,,0,0,0,,0,0,0
C,53B,,Pterophylla sylvicola,A,D,D,16,8,2.010619298,22.34021443,,0,0,0,,0,0,0
D,54A,,Pterophylla sylvicola,A,D,D,20.1,10.05,3.17308712,35.25652355,,0,0,0,,0,0,0
F,54B,,Pterophylla sylvicola,,,A,,0,0,0,,0,0,0,12,6,1.130973355,12.56637061
D,54B,,Pterophylla sylvicola,A,D,D,12.1,6.05,1.149901451,12.77668279,,0,0,0,,0,0,0
C,55B,,Pterophylla sylvicola,A,D,D,6.3,3.15,0.311724531,3.463605901,,0,0,0,,0,0,0
B,55C,,Pterophylla sylvicola,A,D,D,9.7,4.85,0.738981132,8.210901466,,0,0,0,,0,0,0
D,56A,,Pterophylla sylvicola,A,D,D,12,6,1.130973355,12.56637061,,0,0,0,,0,0,0
B,56A,,Pterophylla sylvicola,,A,A,,0,0,0,6.3,3.15,0.311724531,3.463605901,6.5,3.25,0.331830724,3.687008045
D,56B,,Pterophylla sylvicola,A,D,D,16,8,2.010619298,22.34021443,,0,0,0,,0,0,0
B,56B,,Pterophylla sylvicola,,,A,,0,0,0,,0,0,0,5.1,2.55,0.204282062,2.269800692
C,56E,,Pterophylla sylvicola,A,A,A,11.5,5.75,1.038689071,11.54098968,14.1,7.05,1.561450089,17.34944543,14.8,7.4,1.720336137,19.11484597
C,56F,,Pterophylla sylvicola,A,A,A,7.3,3.65,0.418538681,4.650429792,7.8,3.9,0.477836243,5.309291585,7.6,3.8,0.453645979,5.04051088
C,56G,,Pterophylla sylvicola,A,A,D,12.5,6.25,1.22718463,13.63538478,12.8,6.4,1.286796351,14.29773723,,0,0,0
A,56I,,Pterophylla sylvicola,A,D,D,8.5,4.25,0.567450173,6.305001923,,0,0,0,,0,0,0
D,58B,,Pterophylla sylvicola,A,D,D,8.2,4.1,0.528101725,5.867796945,,0,0,0,,0,0,0
A,58B,,Pterophylla sylvicola,A,D,D,9.2,4.6,0.664761005,7.386233394,,0,0,0,,0,0,0
A,62(a),,Pterophylla sylvicola,A,D,D,10.4,5.2,0.849486654,9.438740595,,0,0,0,,0,0,0
A,62A,A8646,Pterophylla sylvicola,A,D,D,5.4,2.7,0.229022104,2.544690049,,0,0,0,,0,0,0
A,62B,,Pterophylla sylvicola,A,D,D,21.6,10.8,3.664353671,40.71504079,,0,0,0,,0,0,0
A,65A,,Pterophylla sylvicola,A,D,D,6.8,3.4,0.363168111,4.035201231,,0,0,0,,0,0,0
A,65B,,Pterophylla sylvicola,A,D,D,8.5,4.25,0.567450173,6.305001923,,0,0,0,,0,0,0
A,65b?,A8642,Pterophylla sylvicola,A,D,D,11.8,5.9,1.093588403,12.15098225,,0,0,0,,0,0,0
A,65C,,Pterophylla sylvicola,A,D,D,15.2,7.6,1.814583917,20.16204352,,0,0,0,,0,0,0
A,81B,,Pterophylla sylvicola,A,D,D,5.7,2.85,0.255175863,2.83528737,,0,0,0,,0,0,0
A,86A,,Pterophylla sylvicola,A,A,A,5.5,2.75,0.237582944,2.639810494,7.8,3.9,0.477836243,5.309291585,9.4,4.7,0.693977817,7.710864635
A,86B,,Pterophylla sylvicola,A,A,A,6.5,3.25,0.331830724,3.687008045,8.3,4.15,0.541060795,6.011786608,8.6,4.3,0.580880482,6.454227574
A,86C,,Pterophylla sylvicola,A,A,D,11.3,5.65,1.002874915,11.14305461,14.7,7.35,1.697166891,18.8574099,,0,0,0
A,87A,,Pterophylla sylvicola,A,D,D,5.9,2.95,0.273397101,3.037745563,,0,0,0,,0,0,0
A,91?,,Pterophylla sylvicola,A,A,D,12.8,6.4,1.286796351,14.29773723,13,6.5,1.327322896,14.74803218,,0,0,0
A,91?,,Pterophylla sylvicola,A,A,D,8.5,4.25,0.567450173,6.305001923,11,5.5,0.950331778,10.55924197,,0,0,0
D,91?,,Pterophylla sylvicola,A,D,D,6.7,3.35,0.352565236,3.917391506,,0,0,0,,0,0,0
A,92A,,Pterophylla sylvicola,A,A,D,8.4,4.2,0.554176944,6.157521601,9.7,4.85,0.738981132,8.210901466,,0,0,0
D,92B,,Pterophylla sylvicola,A,D,D,5.8,2.9,0.264207942,2.935643802,,0,0,0,,0,0,0
A,95A,,Pterophylla sylvicola,,A,D,,0,0,0,8.1,4.05,0.515299735,5.725552611,,0,0,0
D,95B,,Pterophylla sylvicola,A,D,D,6.3,3.15,0.311724531,3.463605901,,0,0,0,,0,0,0
D,97A,,Pterophylla sylvicola,A,D,D,6.7,3.35,0.352565236,3.917391506,,0,0,0,,0,0,0
D,97B,,Pterophylla sylvicola,A,D,D,7,3.5,0.3848451,4.276056667,,0,0,0,,0,0,0
D,97C,,Pterophylla sylvicola,A,A,A,5.6,2.8,0.246300864,2.736676267,5.9,2.95,0.273397101,3.037745563,6.5,3.25,0.331830724,3.687008045
D,C15.5,A8403,Pterophylla sylvicola,A,A,D,5.8,2.9,0.264207942,2.935643802,6.2,3.1,0.301907054,3.354522822,,0,0,0
C,Unknown,A8015,Pterophylla sylvicola,A,D,D,7.6,3.8,0.453645979,5.04051088,,0,0,0,,0,0,0
C,Unknown,A8025,Pterophylla sylvicola,A,D,D,9.9,4.95,0.76976874,8.552985999,,0,0,0,,0,0,0
C,Unknown,A8049,Pterophylla sylvicola,A,D,D,9,4.5,0.636172512,7.068583471,,0,0,0,,0,0,0
C,Unknown,A8050,Pterophylla sylvicola,A,D,D,5.6,2.8,0.246300864,2.736676267,,0,0,0,,0,0,0
C,Unknown,A8112,Pterophylla sylvicola,A,D,D,7.1,3.55,0.395919214,4.39910238,,0,0,0,,0,0,0
C,Unknown,A8115,Pterophylla sylvicola,A,D,D,14.2,7.1,1.583676857,17.59640952,,0,0,0,,0,0,0
C,Unknown,A8131,Pterophylla sylvicola,A,D,D,14.1,7.05,1.561450089,17.34944543,,0,0,0,,0,0,0
C,Unknown,A8132,Pterophylla sylvicola,A,D,D,5.7,2.85,0.255175863,2.83528737,,0,0,0,,0,0,0
C,Unknown,A8134,Pterophylla sylvicola,A,D,D,5.7,2.85,0.255175863,2.83528737,,0,0,0,,0,0,0
C,Unknown,A8205,Pterophylla sylvicola,A,D,D,13.7,6.85,1.474113813,16.37904237,,0,0,0,,0,0,0
C,Unknown,A8213,Pterophylla sylvicola,A,D,D,5.8,2.9,0.264207942,2.935643802,,0,0,0,,0,0,0
C,Unknown,A8224,Pterophylla sylvicola,A,D,D,9.3,4.65,0.679290872,7.54767635,,0,0,0,,0,0,0
C,Unknown,A8259,Pterophylla sylvicola,A,D,D,5.15,2.575,0.208307228,2.314524754,,0,0,0,,0,0,0
C,Unknown,A8266,Pterophylla sylvicola,A,D,D,13.5,6.75,1.431388153,15.90431281,,0,0,0,,0,0,0
C,Unknown,A8267,Pterophylla sylvicola,A,D,D,5.7,2.85,0.255175863,2.83528737,,0,0,0,,0,0,0
C,Unknown,A8288,Pterophylla sylvicola,A,D,D,10.5,5.25,0.865901475,9.621127502,,0,0,0,,0,0,0
C,Unknown,A8301,Pterophylla sylvicola,A,D,D,12,6,1.130973355,12.56637061,,0,0,0,,0,0,0
C,Unknown,A8319,Pterophylla sylvicola,A,D,D,13.5,6.75,1.431388153,15.90431281,,0,0,0,,0,0,0
C,Unknown,A8332,Pterophylla sylvicola,A,D,D,7.7,3.85,0.465662571,5.174028568,,0,0,0,,0,0,0
C,Unknown,A8333,Pterophylla sylvicola,A,D,D,10.5,5.25,0.865901475,9.621127502,,0,0,0,,0,0,0
C,Unknown,A8357,Pterophylla sylvicola,A,D,D,5.9,2.95,0.273397101,3.037745563,,0,0,0,,0,0,0
E,Unknown,A8384,Pterophylla sylvicola,A,D,D,9.2,4.6,0.664761005,7.386233394,,0,0,0,,0,0,0
E,Unknown,A8390,Pterophylla sylvicola,A,D,D,8.35,4.175,0.547599234,6.084435939,,0,0,0,,0,0,0
C,Unknown,A8393,Pterophylla sylvicola,A,D,D,8,4,0.502654825,5.585053606,,0,0,0,,0,0,0
B,Unknown,A8409,Pterophylla sylvicola,A,D,D,7.7,3.85,0.465662571,5.174028568,,0,0,0,,0,0,0
E,Unknown,A8410,Pterophylla sylvicola,A,D,D,8.25,4.125,0.534561625,5.939573611,,0,0,0,,0,0,0
F,Unknown,A8425,Pterophylla sylvicola,A,D,D,14.4,7.2,1.628601632,18.09557368,,0,0,0,,0,0,0
F,Unknown,A8432,Pterophylla sylvicola,A,D,D,6.1,3.05,0.292246657,3.247185073,,0,0,0,,0,0,0
C,Unknown,A8444,Pterophylla sylvicola,A,D,D,12.2,6.1,1.168986626,12.98874029,,0,0,0,,0,0,0
E,Unknown,A8447,Pterophylla sylvicola,A,D,D,7.8,3.9,0.477836243,5.309291585,,0,0,0,,0,0,0
E,Unknown,A8448,Pterophylla sylvicola,A,D,D,8.6,4.3,0.580880482,6.454227574,,0,0,0,,0,0,0
C,Unknown,A8449,Pterophylla sylvicola,A,D,D,5.8,2.9,0.264207942,2.935643802,,0,0,0,,0,0,0
E,Unknown,A8450,Pterophylla sylvicola,A,D,D,22.6,11.3,4.011499659,44.57221844,,0,0,0,,0,0,0
E,Unknown,A8452,Pterophylla sylvicola,A,D,D,14.75,7.375,1.708731879,18.98590977,,0,0,0,,0,0,0
E,Unknown,A8457,Pterophylla sylvicola,A,D,D,6.6,3.3,0.34211944,3.801327111,,0,0,0,,0,0,0
E,Unknown,A8464,Pterophylla sylvicola,A,D,D,26,13,5.309291585,58.99212872,,0,0,0,,0,0,0
E,Unknown,A8464,Pterophylla sylvicola,A,D,D,10,5,0.785398163,8.72664626,,0,0,0,,0,0,0
E,Unknown,A8471,Pterophylla sylvicola,A,D,D,11.95,5.975,1.121568212,12.46186903,,0,0,0,,0,0,0
C,Unknown,A8472,Pterophylla sylvicola,A,D,D,6.2,3.1,0.301907054,3.354522822,,0,0,0,,0,0,0
F,Unknown,A8480,Pterophylla sylvicola,A,D,D,5.5,2.75,0.237582944,2.639810494,,0,0,0,,0,0,0
C,Unknown,A8486,Pterophylla sylvicola,A,D,D,15.5,7.75,1.886919088,20.96576764,,0,0,0,,0,0,0
E,Unknown,A8489,Pterophylla sylvicola,A,D,D,17.2,8.6,2.323521927,25.8169103,,0,0,0,,0,0,0
B,Unknown,A8490,Pterophylla sylvicola,A,D,D,6,3,0.282743339,3.141592654,,0,0,0,,0,0,0
C,Unknown,A8492,Pterophylla sylvicola,A,D,D,7,3.5,0.3848451,4.276056667,,0,0,0,,0,0,0
E,Unknown,A8494,Pterophylla sylvicola,A,D,D,8.5,4.25,0.567450173,6.305001923,,0,0,0,,0,0,0
E,Unknown,A8498,Pterophylla sylvicola,A,D,D,5.7,2.85,0.255175863,2.83528737,,0,0,0,,0,0,0
E,Unknown,A8499,Pterophylla sylvicola,A,D,D,6.1,3.05,0.292246657,3.247185073,,0,0,0,,0,0,0
B,Unknown,A8500,Pterophylla sylvicola,A,D,D,7.4,3.7,0.430084034,4.778711492,,0,0,0,,0,0,0
B,Unknown,A8502,Pterophylla sylvicola,A,D,D,6,3,0.282743339,3.141592654,,0,0,0,,0,0,0
B,Unknown,A8504,Pterophylla sylvicola,A,D,D,13.1,6.55,1.347821788,14.97579765,,0,0,0,,0,0,0
B,Unknown,A8505,Pterophylla sylvicola,A,D,D,9.2,4.6,0.664761005,7.386233394,,0,0,0,,0,0,0
C,Unknown,A8507,Pterophylla sylvicola,A,D,D,17,8.5,2.269800692,25.22000769,,0,0,0,,0,0,0
B,Unknown,A8510,Pterophylla sylvicola,A,D,D,8.3,4.15,0.541060795,6.011786608,,0,0,0,,0,0,0
C,Unknown,A8511,Pterophylla sylvicola,A,D,D,14,7,1.5393804,17.10422667,,0,0,0,,0,0,0
E,Unknown,A8514,Pterophylla sylvicola,A,D,D,10.15,5.075,0.809136823,8.990409143,,0,0,0,,0,0,0
B,Unknown,A8515,Pterophylla sylvicola,A,D,D,9.8,4.9,0.754296396,8.381071068,,0,0,0,,0,0,0
E,Unknown,A8516,Pterophylla sylvicola,A,D,D,5.75,2.875,0.259672268,2.88524742,,0,0,0,,0,0,0
B,Unknown,A8517,Pterophylla sylvicola,A,D,D,6.8,3.4,0.363168111,4.035201231,,0,0,0,,0,0,0
B,Unknown,A8519,Pterophylla sylvicola,A,D,D,6.1,3.05,0.292246657,3.247185073,,0,0,0,,0,0,0
B,Unknown,A8521,Pterophylla sylvicola,A,D,D,5.5,2.75,0.237582944,2.639810494,,0,0,0,,0,0,0
B,Unknown,A8522,Pterophylla sylvicola,A,D,D,5,2.5,0.196349541,2.181661565,,0,0,0,,0,0,0
B,Unknown,A8524,Pterophylla sylvicola,A,D,D,11.3,5.65,1.002874915,11.14305461,,0,0,0,,0,0,0
E,Unknown,A8526,Pterophylla sylvicola,A,D,D,12.2,6.1,1.168986626,12.98874029,,0,0,0,,0,0,0
B,Unknown,A8527,Pterophylla sylvicola,A,D,D,7.8,3.9,0.477836243,5.309291585,,0,0,0,,0,0,0
E,Unknown,A8528,Pterophylla sylvicola,A,D,D,9.45,4.725,0.701380195,7.793113276,,0,0,0,,0,0,0
B,Unknown,A8529,Pterophylla sylvicola,A,D,D,8.5,4.25,0.567450173,6.305001923,,0,0,0,,0,0,0
E,Unknown,A8531,Pterophylla sylvicola,A,D,D,13.45,6.725,1.420804913,15.78672125,,0,0,0,,0,0,0
B,Unknown,A8544,Pterophylla sylvicola,A,D,D,5,2.5,0.196349541,2.181661565,,0,0,0,,0,0,0
B,Unknown,A8545,Pterophylla sylvicola,A,D,D,5.1,2.55,0.204282062,2.269800692,,0,0,0,,0,0,0
E,Unknown,A8566,Pterophylla sylvicola,A,D,D,17.4,8.7,2.37787148,26.42079422,,0,0,0,,0,0,0
E,Unknown,A8569,Pterophylla sylvicola,A,D,D,11.65,5.825,1.065962022,11.84402247,,0,0,0,,0,0,0
E,Unknown,A8570,Pterophylla sylvicola,A,D,D,10.2,5.1,0.817128249,9.079202769,,0,0,0,,0,0,0
E,Unknown,A8571,Pterophylla sylvicola,A,D,D,7.15,3.575,0.401515176,4.461279734,,0,0,0,,0,0,0
E,Unknown,A8573,Pterophylla sylvicola,A,D,D,6.7,3.35,0.352565236,3.917391506,,0,0,0,,0,0,0
B,Unknown,A8574,Pterophylla sylvicola,A,D,D,9.3,4.65,0.679290872,7.54767635,,0,0,0,,0,0,0
E,Unknown,A8575,Pterophylla sylvicola,A,D,D,5.05,2.525,0.200296167,2.225512962,,0,0,0,,0,0,0
B,Unknown,A8579,Pterophylla sylvicola,A,D,D,11.2,5.6,0.985203456,10.94670507,,0,0,0,,0,0,0
B,Unknown,A8585,Pterophylla sylvicola,A,D,D,6.3,3.15,0.311724531,3.463605901,,0,0,0,,0,0,0
B,Unknown,A8586,Pterophylla sylvicola,A,D,D,14.3,7.15,1.606060704,17.84511894,,0,0,0,,0,0,0
B,Unknown,A8593,Pterophylla sylvicola,A,D,D,10.9,5.45,0.933131558,10.36812842,,0,0,0,,0,0,0
C,Unknown,A8594,Pterophylla sylvicola,A,D,D,7.2,3.6,0.407150408,4.523893421,,0,0,0,,0,0,0
B,Unknown,A8597,Pterophylla sylvicola,A,D,D,12.7,6.35,1.266768698,14.07520775,,0,0,0,,0,0,0
B,Unknown,A8599,Pterophylla sylvicola,A,D,D,5.5,2.75,0.237582944,2.639810494,,0,0,0,,0,0,0
B,Unknown,A8600,Pterophylla sylvicola,A,D,D,9.7,4.85,0.738981132,8.210901466,,0,0,0,,0,0,0
B,Unknown,A8604,Pterophylla sylvicola,A,D,D,6.3,3.15,0.311724531,3.463605901,,0,0,0,,0,0,0
B,Unknown,A8605,Pterophylla sylvicola,A,D,D,7.7,3.85,0.465662571,5.174028568,,0,0,0,,0,0,0
B,Unknown,A8606,Pterophylla sylvicola,A,D,D,5,2.5,0.196349541,2.181661565,,0,0,0,,0,0,0
C,Unknown,A8607,Pterophylla sylvicola,A,D,D,5,2.5,0.196349541,2.181661565,,0,0,0,,0,0,0
B,Unknown,A8609,Pterophylla sylvicola,A,D,D,6,3,0.282743339,3.141592654,,0,0,0,,0,0,0
B,Unknown,A8610,Pterophylla sylvicola,A,D,D,5.5,2.75,0.237582944,2.639810494,,0,0,0,,0,0,0
B,Unknown,A8613,Pterophylla sylvicola,A,D,D,6.6,3.3,0.34211944,3.801327111,,0,0,0,,0,0,0
B,Unknown,A8615,Pterophylla sylvicola,A,D,D,7.5,3.75,0.441786467,4.908738521,,0,0,0,,0,0,0
B,Unknown,A8616,Pterophylla sylvicola,A,D,D,6.5,3.25,0.331830724,3.687008045,,0,0,0,,0,0,0
B,Unknown,A8619,Pterophylla sylvicola,A,D,D,6.2,3.1,0.301907054,3.354522822,,0,0,0,,0,0,0
B,Unknown,A8627,Pterophylla sylvicola,A,D,D,12.8,6.4,1.286796351,14.29773723,,0,0,0,,0,0,0
B,Unknown,A8628,Pterophylla sylvicola,A,D,D,11.7,5.85,1.075131546,11.94590607,,0,0,0,,0,0,0
B,Unknown,A8636,Pterophylla sylvicola,A,D,D,7.2,3.6,0.407150408,4.523893421,,0,0,0,,0,0,0
B,Unknown,A8638,Pterophylla sylvicola,A,D,D,8.1,4.05,0.515299735,5.725552611,,0,0,0,,0,0,0
C,Unknown,A8638,Pterophylla sylvicola,A,D,D,5.2,2.6,0.212371663,2.359685149,,0,0,0,,0,0,0
B,Unknown,A8640,Pterophylla sylvicola,A,D,D,8.1,4.05,0.515299735,5.725552611,,0,0,0,,0,0,0
B,Unknown,A8645,Pterophylla sylvicola,A,D,D,5.4,2.7,0.229022104,2.544690049,,0,0,0,,0,0,0
B,Unknown,A8674,Pterophylla sylvicola,A,D,D,7.3,3.65,0.418538681,4.650429792,,0,0,0,,0,0,0
B,Unknown,A8675,Pterophylla sylvicola,A,D,D,5,2.5,0.196349541,2.181661565,,0,0,0,,0,0,0
B,Unknown,A8678,Pterophylla sylvicola,A,D,D,13.9,6.95,1.517467792,16.86075324,,0,0,0,,0,0,0
B,Unknown,A8681,Pterophylla sylvicola,A,D,D,9.7,4.85,0.738981132,8.210901466,,0,0,0,,0,0,0
B,Unknown,A8684,Pterophylla sylvicola,A,D,D,7.2,3.6,0.407150408,4.523893421,,0,0,0,,0,0,0
B,Unknown,A8688,Pterophylla sylvicola,A,D,D,8,4,0.502654825,5.585053606,,0,0,0,,0,0,0
B,Unknown,A8694,Pterophylla sylvicola,A,D,D,7.2,3.6,0.407150408,4.523893421,,0,0,0,,0,0,0
B,Unknown,A8730,Pterophylla sylvicola,A,D,D,5,2.5,0.196349541,2.181661565,,0,0,0,,0,0,0
B,Unknown,A8734,Pterophylla sylvicola,A,D,D,11,5.5,0.950331778,10.55924197,,0,0,0,,0,0,0
C,Unknown,A8735,Pterophylla sylvicola,A,D,D,13.7,6.85,1.474113813,16.37904237,,0,0,0,,0,0,0
B,Unknown,A8741,Pterophylla sylvicola,A,D,D,8.5,4.25,0.567450173,6.305001923,,0,0,0,,0,0,0
C,Unknown,A8742,Pterophylla sylvicola,A,D,D,5,2.5,0.196349541,2.181661565,,0,0,0,,0,0,0
B,Unknown,A8745,Pterophylla sylvicola,A,D,D,9.7,4.85,0.738981132,8.210901466,,0,0,0,,0,0,0
B,Unknown,A8747,Pterophylla sylvicola,A,D,D,8.6,4.3,0.580880482,6.454227574,,0,0,0,,0,0,0
B,Unknown,A8748,Pterophylla sylvicola,A,D,D,5.3,2.65,0.220618344,2.451314934,,0,0,0,,0,0,0
B,Unknown,A8749,Pterophylla sylvicola,A,D,D,8.5,4.25,0.567450173,6.305001923,,0,0,0,,0,0,0
B,Unknown,A8752,Pterophylla sylvicola,A,D,D,7,3.5,0.3848451,4.276056667,,0,0,0,,0,0,0
B,Unknown,A8755,Pterophylla sylvicola,A,D,D,5.4,2.7,0.229022104,2.544690049,,0,0,0,,0,0,0
B,Unknown,A8759,Pterophylla sylvicola,A,D,D,7.3,3.65,0.418538681,4.650429792,,0,0,0,,0,0,0
B,Unknown,A8760,Pterophylla sylvicola,A,A,D,12,6,1.130973355,12.56637061,14,7,1.5393804,17.10422667,,0,0,0
B,Unknown,A8762,Pterophylla sylvicola,A,D,D,7,3.5,0.3848451,4.276056667,,0,0,0,,0,0,0
C,Unknown,A8763,Pterophylla sylvicola,A,D,D,6,3,0.282743339,3.141592654,,0,0,0,,0,0,0
C,Unknown,A8765,Pterophylla sylvicola,A,D,D,12.9,6.45,1.306981084,14.52201204,,0,0,0,,0,0,0
B,Unknown,A8766,Pterophylla sylvicola,,,A,,0,0,0,,0,0,0,5.6,2.8,0.246300864,2.736676267
C,Unknown,A8770,Pterophylla sylvicola,A,D,D,8.5,4.25,0.567450173,6.305001923,,0,0,0,,0,0,0
C,Unknown,A8771,Pterophylla sylvicola,A,A,A,9.3,4.65,0.679290872,7.54767635,11.2,5.6,0.985203456,10.94670507,12,6,1.130973355,12.56637061
C,Unknown,A8772,Pterophylla sylvicola,A,D,D,5.9,2.95,0.273397101,3.037745563,,0,0,0,,0,0,0
C,Unknown,A8773,Pterophylla sylvicola,A,A,A,5.5,2.75,0.237582944,2.639810494,5.6,2.8,0.246300864,2.736676267,6.4,3.2,0.321699088,3.574434308
A,Unknown,A8775,Pterophylla sylvicola,A,D,D,7,3.5,0.3848451,4.276056667,,0,0,0,,0,0,0
A,Unknown,A8776,Pterophylla sylvicola,A,D,D,5.9,2.95,0.273397101,3.037745563,,0,0,0,,0,0,0
A,Unknown,A8777,Pterophylla sylvicola,A,A,A,11.3,5.65,1.002874915,11.14305461,11.3,5.65,1.002874915,11.14305461,11.4,5.7,1.020703453,11.34114948
A,Unknown,A8778,Pterophylla sylvicola,A,A,A,7.2,3.6,0.407150408,4.523893421,7.3,3.65,0.418538681,4.650429792,7.5,3.75,0.441786467,4.908738521
A,Unknown,A8779,Pterophylla sylvicola,A,D,D,10.7,5.35,0.899202357,9.991137303,,0,0,0,,0,0,0
A,Unknown,A8780,Pterophylla sylvicola,A,D,D,15,7.5,1.767145868,19.63495408,,0,0,0,,0,0,0
A,Unknown,A8782,Pterophylla sylvicola,A,A,D,7,3.5,0.3848451,4.276056667,7.5,3.75,0.441786467,4.908738521,,0,0,0
A,Unknown,A8783,Pterophylla sylvicola,A,A,D,6,3,0.282743339,3.141592654,7.8,3.9,0.477836243,5.309291585,7.7,3.85,0.465662571,5.174028568
A,Unknown,B1000,Pterophylla sylvicola,,A,D,,0,0,0,6.1,3.05,0.292246657,3.247185073,,0,0,0
A,Unknown,B111,Pterophylla sylvicola,,A,D,,0,0,0,7.7,3.85,0.465662571,5.174028568,,0,0,0
A,Unknown,B113,Pterophylla sylvicola,,A,D,,0,0,0,9.6,4.8,0.723822947,8.042477193,,0,0,0
A,Unknown,B120,Pterophylla sylvicola,A,A,D,9.6,4.8,0.723822947,8.042477193,,0,0,0,,0,0,0
A,Unknown,B121,Pterophylla sylvicola,A,D,D,6.2,3.1,0.301907054,3.354522822,,0,0,0,,0,0,0
A,Unknown,B122,Pterophylla sylvicola,,A,D,,0,0,0,5.2,2.6,0.212371663,2.359685149,,0,0,0
A,Unknown,B123,Pterophylla sylvicola,A,A,D,12.3,6.15,1.188228881,13.20254313,15.2,7.6,1.814583917,20.16204352,,0,0,0
A,Unknown,B130,Pterophylla sylvicola,A,A,D,7.2,3.6,0.407150408,4.523893421,9.2,4.6,0.664761005,7.386233394,,0,0,0
A,Unknown,B55A,Pterophylla sylvicola,A,D,D,14.8,7.4,1.720336137,19.11484597,,0,0,0,,0,0,0
A,Unknown,B63,Pterophylla sylvicola,A,D,D,13.2,6.6,1.36847776,15.20530844,,0,0,0,,0,0,0
A,Unknown,B64,Pterophylla sylvicola,A,D,D,9.1,4.55,0.650388219,7.226535768,,0,0,0,,0,0,0
A,Unknown,Unknown,Pterophylla sylvicola,,A,D,,0,0,0,19,9.5,2.83528737,31.503193,,0,0,0
A,Unknown,Unknown,Pterophylla sylvicola,,A,D,,0,0,0,7.5,3.75,0.441786467,4.908738521,,0,0,0
A,Unknown,Unknown,Pterophylla sylvicola,,A,,,0,0,0,15.8,7.9,1.960667975,21.78519972,0,0,0,0
A,Unknown,Unknown,Pterophylla sylvicola,,A,,,0,0,0,8.5,4.25,0.567450173,6.305001923,0,0,0,0
A,Unknown,Unknown,Pterophylla sylvicola,,A,,,0,0,0,11,5.5,0.950331778,10.55924197,0,0,0,0
A,Unknown,Unknown,Pterophylla sylvicola,,A,,,0,0,0,7.5,3.75,0.441786467,4.908738521,0,0,0,0
A,Unknown,Unknown,Pterophylla sylvicola,,A,,,0,0,0,5.7,2.85,0.255175863,2.83528737,0,0,0,0
A,Unknown,Unknown,Pterophylla sylvicola,,A,,,0,0,0,5.1,2.55,0.204282062,2.269800692,0,0,0,0
A,Unknown,Unknown,Pterophylla sylvicola,,A,,,0,0,0,19.8,9.9,3.07907496,34.211944,0,0,0,0
A,Unknown,Unknown,Pterophylla sylvicola,,A,,,0,0,0,14.5,7.25,1.651299639,18.34777376,0,0,0,0
A,Unknown,Unknown,Pterophylla sylvicola,,,A,,0,0,0,0,0,0,0,16.7,8.35,2.190396938,24.33774375
A,Unknown,Unknown,Pterophylla sylvicola,,,A,,0,0,0,0,0,0,0,7.7,3.85,0.465662571,5.174028568
A,Unknown,Unknown,Pterophylla sylvicola,,,A,,0,0,0,0,0,0,0,12.3,6.15,1.188228881,13.20254313
A,Unknown,Unknown,Pterophylla sylvicola,,,A,,0,0,0,0,0,0,0,8,4,0.502654825,5.585053606
A,Unknown,Unknown,Pterophylla sylvicola,,,A,,0,0,0,0,0,0,0,5,2.5,0.196349541,2.181661565
A,Unknown,Unknown,Pterophylla sylvicola,,,A,,0,0,0,0,0,0,0,15.7,7.85,1.935927933,21.51031037
A,Unknown,Unknown,Pterophylla sylvicola,,,A,,0,0,0,0,0,0,0,8.2,4.1,0.528101725,5.867796945
A,Unknown,Unknown,Pterophylla sylvicola,,,A,,0,0,0,0,0,0,0,8.2,4.1,0.528101725,5.867796945
A,Unknown,Unknown,Pterophylla sylvicola,,,A,,0,0,0,0,0,0,0,14.2,7.1,1.583676857,17.59640952
A,Unknown,Unknown,Pterophylla sylvicola,,,A,,0,0,0,0,0,0,0,14.7,7.35,1.697166891,18.8574099
A,Unknown,Unknown,Pterophylla sylvicola,,,A,,0,0,0,0,0,0,0,11.2,5.6,0.985203456,10.94670507
A,Unknown,Unknown,Pterophylla sylvicola,,,A,,0,0,0,0,0,0,0,11,5.5,0.950331778,10.55924197
A,Unknown,Unknown,Pterophylla sylvicola,,,A,,0,0,0,0,0,0,0,21.9,10.95,3.766848131,41.85386813
A,Unknown,Unknown,Pterophylla sylvicola,,,A,,0,0,0,0,0,0,0,15.2,7.6,1.814583917,20.16204352
A,Unknown,Unknown,Pterophylla sylvicola,,,A,,0,0,0,0,0,0,0,7.7,3.85,0.465662571,5.174028568
B,Unknown,Unknown,Pterophylla sylvicola,,A,,,0,0,0,8.4,4.2,0.554176944,6.157521601,,0,0,0
B,Unknown,Unknown,Pterophylla sylvicola,,A,,,0,0,0,10.5,5.25,0.865901475,9.621127502,,0,0,0
B,Unknown,Unknown,Pterophylla sylvicola,,A,,,0,0,0,11.4,5.7,1.020703453,11.34114948,,0,0,0
B,Unknown,Unknown,Pterophylla sylvicola,,A,,,0,0,0,10.4,5.2,0.849486654,9.438740595,,0,0,0
B,Unknown,Unknown,Pterophylla sylvicola,,A,,,0,0,0,15.7,7.85,1.935927933,21.51031037,,0,0,0
B,Unknown,Unknown,Pterophylla sylvicola,,A,,,0,0,0,7,3.5,0.3848451,4.276056667,,0,0,0
B,Unknown,Unknown,Pterophylla sylvicola,,A,,,0,0,0,15.7,7.85,1.935927933,21.51031037,,0,0,0
B,Unknown,Unknown,Pterophylla sylvicola,,A,,,0,0,0,12.6,6.3,1.246898124,13.8544236,,0,0,0
B,Unknown,Unknown,Pterophylla sylvicola,,A,,,0,0,0,6.3,3.15,0.311724531,3.463605901,,0,0,0
,,,,,,,,,,,,,,,,,,
